2025-11-18 08:24:18 - Starting TpcmSchedulerApplication v1.0 using Java 25.0.1 with PID 1 (/app/app.jar started by root in /app)
2025-11-18 08:24:18 - The following 1 profile is active: "docker"
2025-11-18 08:24:19 - Tomcat initialized with port 7000 (http)
2025-11-18 08:24:19 - Initializing ProtocolHandler ["http-nio-7000"]
2025-11-18 08:24:19 - Starting service [Tomcat]
2025-11-18 08:24:19 - Starting Servlet engine: [Apache Tomcat/10.1.48]
2025-11-18 08:24:19 - Initializing Spring embedded WebApplicationContext
2025-11-18 08:24:19 - Root WebApplicationContext: initialization completed in 1329 ms
2025-11-18 08:24:20 - HikariPool-scheduler-app - Starting...
2025-11-18 08:24:29 - Exception encountered during context initialization - cancelling refresh attempt: org.springframework.beans.factory.UnsatisfiedDependencyException: Error creating bean with name 'databaseScheduler' defined in URL [jar:nested:/app/app.jar/!BOOT-INF/classes/!/com/example/tpcmscheduler/service/DatabaseScheduler.class]: Unsatisfied dependency expressed through constructor parameter 0: Error creating bean with name 'dataSourceScriptDatabaseInitializer' defined in class path resource [org/springframework/boot/autoconfigure/sql/init/DataSourceInitializationConfiguration.class]: Unsatisfied dependency expressed through method 'dataSourceScriptDatabaseInitializer' parameter 0: Error creating bean with name 'appDs' defined in class path resource [com/example/tpcmscheduler/config/AppDataSourceConfig.class]: Failed to instantiate [javax.sql.DataSource]: Factory method 'appDataSource' threw exception with message: Failed to initialize pool: ORA-17868: Unknown host specified.: oracle: Temporary failure in name resolution
https://docs.oracle.com/error-help/db/ora-17868/
2025-11-18 08:24:29 - Stopping service [Tomcat]
2025-11-18 08:24:29 - 

Error starting ApplicationContext. To display the condition evaluation report re-run your application with 'debug' enabled.
2025-11-18 08:24:29 - Application run failed
org.springframework.beans.factory.UnsatisfiedDependencyException: Error creating bean with name 'databaseScheduler' defined in URL [jar:nested:/app/app.jar/!BOOT-INF/classes/!/com/example/tpcmscheduler/service/DatabaseScheduler.class]: Unsatisfied dependency expressed through constructor parameter 0: Error creating bean with name 'dataSourceScriptDatabaseInitializer' defined in class path resource [org/springframework/boot/autoconfigure/sql/init/DataSourceInitializationConfiguration.class]: Unsatisfied dependency expressed through method 'dataSourceScriptDatabaseInitializer' parameter 0: Error creating bean with name 'appDs' defined in class path resource [com/example/tpcmscheduler/config/AppDataSourceConfig.class]: Failed to instantiate [javax.sql.DataSource]: Factory method 'appDataSource' threw exception with message: Failed to initialize pool: ORA-17868: Unknown host specified.: oracle: Temporary failure in name resolution
https://docs.oracle.com/error-help/db/ora-17868/
	at org.springframework.beans.factory.support.ConstructorResolver.createArgumentArray(ConstructorResolver.java:804)
	at org.springframework.beans.factory.support.ConstructorResolver.autowireConstructor(ConstructorResolver.java:240)
	at org.springframework.beans.factory.support.AbstractAutowireCapableBeanFactory.autowireConstructor(AbstractAutowireCapableBeanFactory.java:1395)
	at org.springframework.beans.factory.support.AbstractAutowireCapableBeanFactory.createBeanInstance(AbstractAutowireCapableBeanFactory.java:1232)
	at org.springframework.beans.factory.support.AbstractAutowireCapableBeanFactory.doCreateBean(AbstractAutowireCapableBeanFactory.java:569)
	at org.springframework.beans.factory.support.AbstractAutowireCapableBeanFactory.createBean(AbstractAutowireCapableBeanFactory.java:529)
	at org.springframework.beans.factory.support.AbstractBeanFactory.lambda$doGetBean$0(AbstractBeanFactory.java:339)
	at org.springframework.beans.factory.support.DefaultSingletonBeanRegistry.getSingleton(DefaultSingletonBeanRegistry.java:373)
	at org.springframework.beans.factory.support.AbstractBeanFactory.doGetBean(AbstractBeanFactory.java:337)
	at org.springframework.beans.factory.support.AbstractBeanFactory.getBean(AbstractBeanFactory.java:202)
	at org.springframework.beans.factory.support.DefaultListableBeanFactory.instantiateSingleton(DefaultListableBeanFactory.java:1228)
	at org.springframework.beans.factory.support.DefaultListableBeanFactory.preInstantiateSingleton(DefaultListableBeanFactory.java:1194)
	at org.springframework.beans.factory.support.DefaultListableBeanFactory.preInstantiateSingletons(DefaultListableBeanFactory.java:1130)
	at org.springframework.context.support.AbstractApplicationContext.finishBeanFactoryInitialization(AbstractApplicationContext.java:990)
	at org.springframework.context.support.AbstractApplicationContext.refresh(AbstractApplicationContext.java:627)
	at org.springframework.boot.web.servlet.context.ServletWebServerApplicationContext.refresh(ServletWebServerApplicationContext.java:146)
	at org.springframework.boot.SpringApplication.refresh(SpringApplication.java:752)
	at org.springframework.boot.SpringApplication.refreshContext(SpringApplication.java:439)
	at org.springframework.boot.SpringApplication.run(SpringApplication.java:318)
	at org.springframework.boot.SpringApplication.run(SpringApplication.java:1361)
	at org.springframework.boot.SpringApplication.run(SpringApplication.java:1350)
	at com.example.tpcmscheduler.TpcmSchedulerApplication.main(TpcmSchedulerApplication.java:12)
	at java.base/jdk.internal.reflect.DirectMethodHandleAccessor.invoke(DirectMethodHandleAccessor.java:104)
	at java.base/java.lang.reflect.Method.invoke(Method.java:565)
	at org.springframework.boot.loader.launch.Launcher.launch(Launcher.java:106)
	at org.springframework.boot.loader.launch.Launcher.launch(Launcher.java:64)
	at org.springframework.boot.loader.launch.JarLauncher.main(JarLauncher.java:40)
Caused by: org.springframework.beans.factory.UnsatisfiedDependencyException: Error creating bean with name 'dataSourceScriptDatabaseInitializer' defined in class path resource [org/springframework/boot/autoconfigure/sql/init/DataSourceInitializationConfiguration.class]: Unsatisfied dependency expressed through method 'dataSourceScriptDatabaseInitializer' parameter 0: Error creating bean with name 'appDs' defined in class path resource [com/example/tpcmscheduler/config/AppDataSourceConfig.class]: Failed to instantiate [javax.sql.DataSource]: Factory method 'appDataSource' threw exception with message: Failed to initialize pool: ORA-17868: Unknown host specified.: oracle: Temporary failure in name resolution
https://docs.oracle.com/error-help/db/ora-17868/
	at org.springframework.beans.factory.support.ConstructorResolver.createArgumentArray(ConstructorResolver.java:804)
	at org.springframework.beans.factory.support.ConstructorResolver.instantiateUsingFactoryMethod(ConstructorResolver.java:546)
	at org.springframework.beans.factory.support.AbstractAutowireCapableBeanFactory.instantiateUsingFactoryMethod(AbstractAutowireCapableBeanFactory.java:1375)
	at org.springframework.beans.factory.support.AbstractAutowireCapableBeanFactory.createBeanInstance(AbstractAutowireCapableBeanFactory.java:1205)
	at org.springframework.beans.factory.support.AbstractAutowireCapableBeanFactory.doCreateBean(AbstractAutowireCapableBeanFactory.java:569)
	at org.springframework.beans.factory.support.AbstractAutowireCapableBeanFactory.createBean(AbstractAutowireCapableBeanFactory.java:529)
	at org.springframework.beans.factory.support.AbstractBeanFactory.lambda$doGetBean$0(AbstractBeanFactory.java:339)
	at org.springframework.beans.factory.support.DefaultSingletonBeanRegistry.getSingleton(DefaultSingletonBeanRegistry.java:373)
	at org.springframework.beans.factory.support.AbstractBeanFactory.doGetBean(AbstractBeanFactory.java:337)
	at org.springframework.beans.factory.support.AbstractBeanFactory.getBean(AbstractBeanFactory.java:202)
	at org.springframework.beans.factory.support.AbstractBeanFactory.doGetBean(AbstractBeanFactory.java:315)
	at org.springframework.beans.factory.support.AbstractBeanFactory.getBean(AbstractBeanFactory.java:202)
	at org.springframework.beans.factory.support.DefaultListableBeanFactory.doResolveDependency(DefaultListableBeanFactory.java:1708)
	at org.springframework.beans.factory.support.DefaultListableBeanFactory.resolveDependency(DefaultListableBeanFactory.java:1653)
	at org.springframework.beans.factory.support.ConstructorResolver.resolveAutowiredArgument(ConstructorResolver.java:913)
	at org.springframework.beans.factory.support.ConstructorResolver.createArgumentArray(ConstructorResolver.java:791)
	... 26 common frames omitted
Caused by: org.springframework.beans.factory.BeanCreationException: Error creating bean with name 'appDs' defined in class path resource [com/example/tpcmscheduler/config/AppDataSourceConfig.class]: Failed to instantiate [javax.sql.DataSource]: Factory method 'appDataSource' threw exception with message: Failed to initialize pool: ORA-17868: Unknown host specified.: oracle: Temporary failure in name resolution
https://docs.oracle.com/error-help/db/ora-17868/
	at org.springframework.beans.factory.support.ConstructorResolver.instantiate(ConstructorResolver.java:657)
	at org.springframework.beans.factory.support.ConstructorResolver.instantiateUsingFactoryMethod(ConstructorResolver.java:489)
	at org.springframework.beans.factory.support.AbstractAutowireCapableBeanFactory.instantiateUsingFactoryMethod(AbstractAutowireCapableBeanFactory.java:1375)
	at org.springframework.beans.factory.support.AbstractAutowireCapableBeanFactory.createBeanInstance(AbstractAutowireCapableBeanFactory.java:1205)
	at org.springframework.beans.factory.support.AbstractAutowireCapableBeanFactory.doCreateBean(AbstractAutowireCapableBeanFactory.java:569)
	at org.springframework.beans.factory.support.AbstractAutowireCapableBeanFactory.createBean(AbstractAutowireCapableBeanFactory.java:529)
	at org.springframework.beans.factory.support.AbstractBeanFactory.lambda$doGetBean$0(AbstractBeanFactory.java:339)
	at org.springframework.beans.factory.support.DefaultSingletonBeanRegistry.getSingleton(DefaultSingletonBeanRegistry.java:373)
	at org.springframework.beans.factory.support.AbstractBeanFactory.doGetBean(AbstractBeanFactory.java:337)
	at org.springframework.beans.factory.support.AbstractBeanFactory.getBean(AbstractBeanFactory.java:202)
	at org.springframework.beans.factory.config.DependencyDescriptor.resolveCandidate(DependencyDescriptor.java:254)
	at org.springframework.beans.factory.support.DefaultListableBeanFactory.doResolveDependency(DefaultListableBeanFactory.java:1770)
	at org.springframework.beans.factory.support.DefaultListableBeanFactory.resolveDependency(DefaultListableBeanFactory.java:1653)
	at org.springframework.beans.factory.support.ConstructorResolver.resolveAutowiredArgument(ConstructorResolver.java:913)
	at org.springframework.beans.factory.support.ConstructorResolver.createArgumentArray(ConstructorResolver.java:791)
	... 41 common frames omitted
Caused by: org.springframework.beans.BeanInstantiationException: Failed to instantiate [javax.sql.DataSource]: Factory method 'appDataSource' threw exception with message: Failed to initialize pool: ORA-17868: Unknown host specified.: oracle: Temporary failure in name resolution
https://docs.oracle.com/error-help/db/ora-17868/
	at org.springframework.beans.factory.support.SimpleInstantiationStrategy.lambda$instantiate$0(SimpleInstantiationStrategy.java:200)
	at org.springframework.beans.factory.support.SimpleInstantiationStrategy.instantiateWithFactoryMethod(SimpleInstantiationStrategy.java:89)
	at org.springframework.beans.factory.support.SimpleInstantiationStrategy.instantiate(SimpleInstantiationStrategy.java:169)
	at org.springframework.beans.factory.support.ConstructorResolver.instantiate(ConstructorResolver.java:653)
	... 55 common frames omitted
Caused by: com.zaxxer.hikari.pool.HikariPool$PoolInitializationException: Failed to initialize pool: ORA-17868: Unknown host specified.: oracle: Temporary failure in name resolution
https://docs.oracle.com/error-help/db/ora-17868/
	at com.zaxxer.hikari.pool.HikariPool.throwPoolInitializationException(HikariPool.java:610)
	at com.zaxxer.hikari.pool.HikariPool.checkFailFast(HikariPool.java:597)
	at com.zaxxer.hikari.pool.HikariPool.<init>(HikariPool.java:97)
	at com.zaxxer.hikari.HikariDataSource.<init>(HikariDataSource.java:80)
	at com.example.tpcmscheduler.util.DataSourceUtil.createHikariDataSource(DataSourceUtil.java:28)
	at com.example.tpcmscheduler.config.AppDataSourceConfig.appDataSource(AppDataSourceConfig.java:42)
	at com.example.tpcmscheduler.config.AppDataSourceConfig$$SpringCGLIB$$0.CGLIB$appDataSource$1(<generated>)
	at com.example.tpcmscheduler.config.AppDataSourceConfig$$SpringCGLIB$$FastClass$$1.invoke(<generated>)
	at org.springframework.cglib.proxy.MethodProxy.invokeSuper(MethodProxy.java:258)
	at org.springframework.context.annotation.ConfigurationClassEnhancer$BeanMethodInterceptor.intercept(ConfigurationClassEnhancer.java:400)
	at com.example.tpcmscheduler.config.AppDataSourceConfig$$SpringCGLIB$$0.appDataSource(<generated>)
	at java.base/jdk.internal.reflect.DirectMethodHandleAccessor.invoke(DirectMethodHandleAccessor.java:104)
	at java.base/java.lang.reflect.Method.invoke(Method.java:565)
	at org.springframework.beans.factory.support.SimpleInstantiationStrategy.lambda$instantiate$0(SimpleInstantiationStrategy.java:172)
	... 58 common frames omitted
Caused by: java.sql.SQLException: ORA-17868: Unknown host specified.: oracle: Temporary failure in name resolution
https://docs.oracle.com/error-help/db/ora-17868/
	at oracle.jdbc.driver.T4CConnection.handleLogonNetException(T4CConnection.java:1853)
	at oracle.jdbc.driver.T4CConnection.logon(T4CConnection.java:1204)
	at oracle.jdbc.driver.PhysicalConnection.connect(PhysicalConnection.java:1189)
	at oracle.jdbc.driver.T4CDriverExtension.getConnection(T4CDriverExtension.java:106)
	at oracle.jdbc.driver.OracleDriver.connect(OracleDriver.java:887)
	at oracle.jdbc.driver.OracleDriver.connect(OracleDriver.java:694)
	at com.zaxxer.hikari.util.DriverDataSource.getConnection(DriverDataSource.java:144)
	at com.zaxxer.hikari.pool.PoolBase.newConnection(PoolBase.java:370)
	at com.zaxxer.hikari.pool.PoolBase.newPoolEntry(PoolBase.java:207)
	at com.zaxxer.hikari.pool.HikariPool.createPoolEntry(HikariPool.java:488)
	at com.zaxxer.hikari.pool.HikariPool.checkFailFast(HikariPool.java:576)
	... 70 common frames omitted
Caused by: oracle.net.ns.NetException: ORA-17868: Unknown host specified.: oracle: Temporary failure in name resolution
https://docs.oracle.com/error-help/db/ora-17868/
	at oracle.net.resolver.AddrResolution.resolveAddrTree(AddrResolution.java:1169)
	at oracle.net.resolver.AddrResolution.resolveTNSAddress(AddrResolution.java:948)
	at oracle.net.resolver.AddrResolution.initConnStrategy(AddrResolution.java:643)
	at oracle.net.resolver.AddrResolution.<init>(AddrResolution.java:458)
	at oracle.net.ns.NSProtocol.<init>(NSProtocol.java:248)
	at oracle.net.ns.NSProtocolNIO.<init>(NSProtocolNIO.java:149)
	at oracle.jdbc.driver.T4CConnection.logon(T4CConnection.java:1067)
	... 79 common frames omitted
2025-11-18 08:24:30 - Starting TpcmSchedulerApplication v1.0 using Java 25.0.1 with PID 1 (/app/app.jar started by root in /app)
2025-11-18 08:24:30 - The following 1 profile is active: "docker"
2025-11-18 08:24:31 - Tomcat initialized with port 7000 (http)
2025-11-18 08:24:32 - Initializing ProtocolHandler ["http-nio-7000"]
2025-11-18 08:24:32 - Starting service [Tomcat]
2025-11-18 08:24:32 - Starting Servlet engine: [Apache Tomcat/10.1.48]
2025-11-18 08:24:32 - Initializing Spring embedded WebApplicationContext
2025-11-18 08:24:32 - Root WebApplicationContext: initialization completed in 1033 ms
2025-11-18 08:24:32 - HikariPool-scheduler-app - Starting...
2025-11-18 08:24:41 - Exception encountered during context initialization - cancelling refresh attempt: org.springframework.beans.factory.UnsatisfiedDependencyException: Error creating bean with name 'databaseScheduler' defined in URL [jar:nested:/app/app.jar/!BOOT-INF/classes/!/com/example/tpcmscheduler/service/DatabaseScheduler.class]: Unsatisfied dependency expressed through constructor parameter 0: Error creating bean with name 'dataSourceScriptDatabaseInitializer' defined in class path resource [org/springframework/boot/autoconfigure/sql/init/DataSourceInitializationConfiguration.class]: Unsatisfied dependency expressed through method 'dataSourceScriptDatabaseInitializer' parameter 0: Error creating bean with name 'appDs' defined in class path resource [com/example/tpcmscheduler/config/AppDataSourceConfig.class]: Failed to instantiate [javax.sql.DataSource]: Factory method 'appDataSource' threw exception with message: Failed to initialize pool: ORA-17868: Unknown host specified.: oracle: Temporary failure in name resolution
https://docs.oracle.com/error-help/db/ora-17868/
2025-11-18 08:24:41 - Stopping service [Tomcat]
2025-11-18 08:24:41 - 

Error starting ApplicationContext. To display the condition evaluation report re-run your application with 'debug' enabled.
2025-11-18 08:24:41 - Application run failed
org.springframework.beans.factory.UnsatisfiedDependencyException: Error creating bean with name 'databaseScheduler' defined in URL [jar:nested:/app/app.jar/!BOOT-INF/classes/!/com/example/tpcmscheduler/service/DatabaseScheduler.class]: Unsatisfied dependency expressed through constructor parameter 0: Error creating bean with name 'dataSourceScriptDatabaseInitializer' defined in class path resource [org/springframework/boot/autoconfigure/sql/init/DataSourceInitializationConfiguration.class]: Unsatisfied dependency expressed through method 'dataSourceScriptDatabaseInitializer' parameter 0: Error creating bean with name 'appDs' defined in class path resource [com/example/tpcmscheduler/config/AppDataSourceConfig.class]: Failed to instantiate [javax.sql.DataSource]: Factory method 'appDataSource' threw exception with message: Failed to initialize pool: ORA-17868: Unknown host specified.: oracle: Temporary failure in name resolution
https://docs.oracle.com/error-help/db/ora-17868/
	at org.springframework.beans.factory.support.ConstructorResolver.createArgumentArray(ConstructorResolver.java:804)
	at org.springframework.beans.factory.support.ConstructorResolver.autowireConstructor(ConstructorResolver.java:240)
	at org.springframework.beans.factory.support.AbstractAutowireCapableBeanFactory.autowireConstructor(AbstractAutowireCapableBeanFactory.java:1395)
	at org.springframework.beans.factory.support.AbstractAutowireCapableBeanFactory.createBeanInstance(AbstractAutowireCapableBeanFactory.java:1232)
	at org.springframework.beans.factory.support.AbstractAutowireCapableBeanFactory.doCreateBean(AbstractAutowireCapableBeanFactory.java:569)
	at org.springframework.beans.factory.support.AbstractAutowireCapableBeanFactory.createBean(AbstractAutowireCapableBeanFactory.java:529)
	at org.springframework.beans.factory.support.AbstractBeanFactory.lambda$doGetBean$0(AbstractBeanFactory.java:339)
	at org.springframework.beans.factory.support.DefaultSingletonBeanRegistry.getSingleton(DefaultSingletonBeanRegistry.java:373)
	at org.springframework.beans.factory.support.AbstractBeanFactory.doGetBean(AbstractBeanFactory.java:337)
	at org.springframework.beans.factory.support.AbstractBeanFactory.getBean(AbstractBeanFactory.java:202)
	at org.springframework.beans.factory.support.DefaultListableBeanFactory.instantiateSingleton(DefaultListableBeanFactory.java:1228)
	at org.springframework.beans.factory.support.DefaultListableBeanFactory.preInstantiateSingleton(DefaultListableBeanFactory.java:1194)
	at org.springframework.beans.factory.support.DefaultListableBeanFactory.preInstantiateSingletons(DefaultListableBeanFactory.java:1130)
	at org.springframework.context.support.AbstractApplicationContext.finishBeanFactoryInitialization(AbstractApplicationContext.java:990)
	at org.springframework.context.support.AbstractApplicationContext.refresh(AbstractApplicationContext.java:627)
	at org.springframework.boot.web.servlet.context.ServletWebServerApplicationContext.refresh(ServletWebServerApplicationContext.java:146)
	at org.springframework.boot.SpringApplication.refresh(SpringApplication.java:752)
	at org.springframework.boot.SpringApplication.refreshContext(SpringApplication.java:439)
	at org.springframework.boot.SpringApplication.run(SpringApplication.java:318)
	at org.springframework.boot.SpringApplication.run(SpringApplication.java:1361)
	at org.springframework.boot.SpringApplication.run(SpringApplication.java:1350)
	at com.example.tpcmscheduler.TpcmSchedulerApplication.main(TpcmSchedulerApplication.java:12)
	at java.base/jdk.internal.reflect.DirectMethodHandleAccessor.invoke(DirectMethodHandleAccessor.java:104)
	at java.base/java.lang.reflect.Method.invoke(Method.java:565)
	at org.springframework.boot.loader.launch.Launcher.launch(Launcher.java:106)
	at org.springframework.boot.loader.launch.Launcher.launch(Launcher.java:64)
	at org.springframework.boot.loader.launch.JarLauncher.main(JarLauncher.java:40)
Caused by: org.springframework.beans.factory.UnsatisfiedDependencyException: Error creating bean with name 'dataSourceScriptDatabaseInitializer' defined in class path resource [org/springframework/boot/autoconfigure/sql/init/DataSourceInitializationConfiguration.class]: Unsatisfied dependency expressed through method 'dataSourceScriptDatabaseInitializer' parameter 0: Error creating bean with name 'appDs' defined in class path resource [com/example/tpcmscheduler/config/AppDataSourceConfig.class]: Failed to instantiate [javax.sql.DataSource]: Factory method 'appDataSource' threw exception with message: Failed to initialize pool: ORA-17868: Unknown host specified.: oracle: Temporary failure in name resolution
https://docs.oracle.com/error-help/db/ora-17868/
	at org.springframework.beans.factory.support.ConstructorResolver.createArgumentArray(ConstructorResolver.java:804)
	at org.springframework.beans.factory.support.ConstructorResolver.instantiateUsingFactoryMethod(ConstructorResolver.java:546)
	at org.springframework.beans.factory.support.AbstractAutowireCapableBeanFactory.instantiateUsingFactoryMethod(AbstractAutowireCapableBeanFactory.java:1375)
	at org.springframework.beans.factory.support.AbstractAutowireCapableBeanFactory.createBeanInstance(AbstractAutowireCapableBeanFactory.java:1205)
	at org.springframework.beans.factory.support.AbstractAutowireCapableBeanFactory.doCreateBean(AbstractAutowireCapableBeanFactory.java:569)
	at org.springframework.beans.factory.support.AbstractAutowireCapableBeanFactory.createBean(AbstractAutowireCapableBeanFactory.java:529)
	at org.springframework.beans.factory.support.AbstractBeanFactory.lambda$doGetBean$0(AbstractBeanFactory.java:339)
	at org.springframework.beans.factory.support.DefaultSingletonBeanRegistry.getSingleton(DefaultSingletonBeanRegistry.java:373)
	at org.springframework.beans.factory.support.AbstractBeanFactory.doGetBean(AbstractBeanFactory.java:337)
	at org.springframework.beans.factory.support.AbstractBeanFactory.getBean(AbstractBeanFactory.java:202)
	at org.springframework.beans.factory.support.AbstractBeanFactory.doGetBean(AbstractBeanFactory.java:315)
	at org.springframework.beans.factory.support.AbstractBeanFactory.getBean(AbstractBeanFactory.java:202)
	at org.springframework.beans.factory.support.DefaultListableBeanFactory.doResolveDependency(DefaultListableBeanFactory.java:1708)
	at org.springframework.beans.factory.support.DefaultListableBeanFactory.resolveDependency(DefaultListableBeanFactory.java:1653)
	at org.springframework.beans.factory.support.ConstructorResolver.resolveAutowiredArgument(ConstructorResolver.java:913)
	at org.springframework.beans.factory.support.ConstructorResolver.createArgumentArray(ConstructorResolver.java:791)
	... 26 common frames omitted
Caused by: org.springframework.beans.factory.BeanCreationException: Error creating bean with name 'appDs' defined in class path resource [com/example/tpcmscheduler/config/AppDataSourceConfig.class]: Failed to instantiate [javax.sql.DataSource]: Factory method 'appDataSource' threw exception with message: Failed to initialize pool: ORA-17868: Unknown host specified.: oracle: Temporary failure in name resolution
https://docs.oracle.com/error-help/db/ora-17868/
	at org.springframework.beans.factory.support.ConstructorResolver.instantiate(ConstructorResolver.java:657)
	at org.springframework.beans.factory.support.ConstructorResolver.instantiateUsingFactoryMethod(ConstructorResolver.java:489)
	at org.springframework.beans.factory.support.AbstractAutowireCapableBeanFactory.instantiateUsingFactoryMethod(AbstractAutowireCapableBeanFactory.java:1375)
	at org.springframework.beans.factory.support.AbstractAutowireCapableBeanFactory.createBeanInstance(AbstractAutowireCapableBeanFactory.java:1205)
	at org.springframework.beans.factory.support.AbstractAutowireCapableBeanFactory.doCreateBean(AbstractAutowireCapableBeanFactory.java:569)
	at org.springframework.beans.factory.support.AbstractAutowireCapableBeanFactory.createBean(AbstractAutowireCapableBeanFactory.java:529)
	at org.springframework.beans.factory.support.AbstractBeanFactory.lambda$doGetBean$0(AbstractBeanFactory.java:339)
	at org.springframework.beans.factory.support.DefaultSingletonBeanRegistry.getSingleton(DefaultSingletonBeanRegistry.java:373)
	at org.springframework.beans.factory.support.AbstractBeanFactory.doGetBean(AbstractBeanFactory.java:337)
	at org.springframework.beans.factory.support.AbstractBeanFactory.getBean(AbstractBeanFactory.java:202)
	at org.springframework.beans.factory.config.DependencyDescriptor.resolveCandidate(DependencyDescriptor.java:254)
	at org.springframework.beans.factory.support.DefaultListableBeanFactory.doResolveDependency(DefaultListableBeanFactory.java:1770)
	at org.springframework.beans.factory.support.DefaultListableBeanFactory.resolveDependency(DefaultListableBeanFactory.java:1653)
	at org.springframework.beans.factory.support.ConstructorResolver.resolveAutowiredArgument(ConstructorResolver.java:913)
	at org.springframework.beans.factory.support.ConstructorResolver.createArgumentArray(ConstructorResolver.java:791)
	... 41 common frames omitted
Caused by: org.springframework.beans.BeanInstantiationException: Failed to instantiate [javax.sql.DataSource]: Factory method 'appDataSource' threw exception with message: Failed to initialize pool: ORA-17868: Unknown host specified.: oracle: Temporary failure in name resolution
https://docs.oracle.com/error-help/db/ora-17868/
	at org.springframework.beans.factory.support.SimpleInstantiationStrategy.lambda$instantiate$0(SimpleInstantiationStrategy.java:200)
	at org.springframework.beans.factory.support.SimpleInstantiationStrategy.instantiateWithFactoryMethod(SimpleInstantiationStrategy.java:89)
	at org.springframework.beans.factory.support.SimpleInstantiationStrategy.instantiate(SimpleInstantiationStrategy.java:169)
	at org.springframework.beans.factory.support.ConstructorResolver.instantiate(ConstructorResolver.java:653)
	... 55 common frames omitted
Caused by: com.zaxxer.hikari.pool.HikariPool$PoolInitializationException: Failed to initialize pool: ORA-17868: Unknown host specified.: oracle: Temporary failure in name resolution
https://docs.oracle.com/error-help/db/ora-17868/
	at com.zaxxer.hikari.pool.HikariPool.throwPoolInitializationException(HikariPool.java:610)
	at com.zaxxer.hikari.pool.HikariPool.checkFailFast(HikariPool.java:597)
	at com.zaxxer.hikari.pool.HikariPool.<init>(HikariPool.java:97)
	at com.zaxxer.hikari.HikariDataSource.<init>(HikariDataSource.java:80)
	at com.example.tpcmscheduler.util.DataSourceUtil.createHikariDataSource(DataSourceUtil.java:28)
	at com.example.tpcmscheduler.config.AppDataSourceConfig.appDataSource(AppDataSourceConfig.java:42)
	at com.example.tpcmscheduler.config.AppDataSourceConfig$$SpringCGLIB$$0.CGLIB$appDataSource$1(<generated>)
	at com.example.tpcmscheduler.config.AppDataSourceConfig$$SpringCGLIB$$FastClass$$1.invoke(<generated>)
	at org.springframework.cglib.proxy.MethodProxy.invokeSuper(MethodProxy.java:258)
	at org.springframework.context.annotation.ConfigurationClassEnhancer$BeanMethodInterceptor.intercept(ConfigurationClassEnhancer.java:400)
	at com.example.tpcmscheduler.config.AppDataSourceConfig$$SpringCGLIB$$0.appDataSource(<generated>)
	at java.base/jdk.internal.reflect.DirectMethodHandleAccessor.invoke(DirectMethodHandleAccessor.java:104)
	at java.base/java.lang.reflect.Method.invoke(Method.java:565)
	at org.springframework.beans.factory.support.SimpleInstantiationStrategy.lambda$instantiate$0(SimpleInstantiationStrategy.java:172)
	... 58 common frames omitted
Caused by: java.sql.SQLException: ORA-17868: Unknown host specified.: oracle: Temporary failure in name resolution
https://docs.oracle.com/error-help/db/ora-17868/
	at oracle.jdbc.driver.T4CConnection.handleLogonNetException(T4CConnection.java:1853)
	at oracle.jdbc.driver.T4CConnection.logon(T4CConnection.java:1204)
	at oracle.jdbc.driver.PhysicalConnection.connect(PhysicalConnection.java:1189)
	at oracle.jdbc.driver.T4CDriverExtension.getConnection(T4CDriverExtension.java:106)
	at oracle.jdbc.driver.OracleDriver.connect(OracleDriver.java:887)
	at oracle.jdbc.driver.OracleDriver.connect(OracleDriver.java:694)
	at com.zaxxer.hikari.util.DriverDataSource.getConnection(DriverDataSource.java:144)
	at com.zaxxer.hikari.pool.PoolBase.newConnection(PoolBase.java:370)
	at com.zaxxer.hikari.pool.PoolBase.newPoolEntry(PoolBase.java:207)
	at com.zaxxer.hikari.pool.HikariPool.createPoolEntry(HikariPool.java:488)
	at com.zaxxer.hikari.pool.HikariPool.checkFailFast(HikariPool.java:576)
	... 70 common frames omitted
Caused by: oracle.net.ns.NetException: ORA-17868: Unknown host specified.: oracle: Temporary failure in name resolution
https://docs.oracle.com/error-help/db/ora-17868/
	at oracle.net.resolver.AddrResolution.resolveAddrTree(AddrResolution.java:1169)
	at oracle.net.resolver.AddrResolution.resolveTNSAddress(AddrResolution.java:948)
	at oracle.net.resolver.AddrResolution.initConnStrategy(AddrResolution.java:643)
	at oracle.net.resolver.AddrResolution.<init>(AddrResolution.java:458)
	at oracle.net.ns.NSProtocol.<init>(NSProtocol.java:248)
	at oracle.net.ns.NSProtocolNIO.<init>(NSProtocolNIO.java:149)
	at oracle.jdbc.driver.T4CConnection.logon(T4CConnection.java:1067)
	... 79 common frames omitted
2025-11-18 08:24:42 - Starting TpcmSchedulerApplication v1.0 using Java 25.0.1 with PID 1 (/app/app.jar started by root in /app)
2025-11-18 08:24:42 - The following 1 profile is active: "docker"
2025-11-18 08:24:44 - Tomcat initialized with port 7000 (http)
2025-11-18 08:24:44 - Initializing ProtocolHandler ["http-nio-7000"]
2025-11-18 08:24:44 - Starting service [Tomcat]
2025-11-18 08:24:44 - Starting Servlet engine: [Apache Tomcat/10.1.48]
2025-11-18 08:24:44 - Initializing Spring embedded WebApplicationContext
2025-11-18 08:24:44 - Root WebApplicationContext: initialization completed in 1049 ms
2025-11-18 08:24:44 - HikariPool-scheduler-app - Starting...
2025-11-18 08:24:53 - Exception encountered during context initialization - cancelling refresh attempt: org.springframework.beans.factory.UnsatisfiedDependencyException: Error creating bean with name 'databaseScheduler' defined in URL [jar:nested:/app/app.jar/!BOOT-INF/classes/!/com/example/tpcmscheduler/service/DatabaseScheduler.class]: Unsatisfied dependency expressed through constructor parameter 0: Error creating bean with name 'dataSourceScriptDatabaseInitializer' defined in class path resource [org/springframework/boot/autoconfigure/sql/init/DataSourceInitializationConfiguration.class]: Unsatisfied dependency expressed through method 'dataSourceScriptDatabaseInitializer' parameter 0: Error creating bean with name 'appDs' defined in class path resource [com/example/tpcmscheduler/config/AppDataSourceConfig.class]: Failed to instantiate [javax.sql.DataSource]: Factory method 'appDataSource' threw exception with message: Failed to initialize pool: ORA-17868: Unknown host specified.: oracle: Temporary failure in name resolution
https://docs.oracle.com/error-help/db/ora-17868/
2025-11-18 08:24:53 - Stopping service [Tomcat]
2025-11-18 08:24:53 - 

Error starting ApplicationContext. To display the condition evaluation report re-run your application with 'debug' enabled.
2025-11-18 08:24:53 - Application run failed
org.springframework.beans.factory.UnsatisfiedDependencyException: Error creating bean with name 'databaseScheduler' defined in URL [jar:nested:/app/app.jar/!BOOT-INF/classes/!/com/example/tpcmscheduler/service/DatabaseScheduler.class]: Unsatisfied dependency expressed through constructor parameter 0: Error creating bean with name 'dataSourceScriptDatabaseInitializer' defined in class path resource [org/springframework/boot/autoconfigure/sql/init/DataSourceInitializationConfiguration.class]: Unsatisfied dependency expressed through method 'dataSourceScriptDatabaseInitializer' parameter 0: Error creating bean with name 'appDs' defined in class path resource [com/example/tpcmscheduler/config/AppDataSourceConfig.class]: Failed to instantiate [javax.sql.DataSource]: Factory method 'appDataSource' threw exception with message: Failed to initialize pool: ORA-17868: Unknown host specified.: oracle: Temporary failure in name resolution
https://docs.oracle.com/error-help/db/ora-17868/
	at org.springframework.beans.factory.support.ConstructorResolver.createArgumentArray(ConstructorResolver.java:804)
	at org.springframework.beans.factory.support.ConstructorResolver.autowireConstructor(ConstructorResolver.java:240)
	at org.springframework.beans.factory.support.AbstractAutowireCapableBeanFactory.autowireConstructor(AbstractAutowireCapableBeanFactory.java:1395)
	at org.springframework.beans.factory.support.AbstractAutowireCapableBeanFactory.createBeanInstance(AbstractAutowireCapableBeanFactory.java:1232)
	at org.springframework.beans.factory.support.AbstractAutowireCapableBeanFactory.doCreateBean(AbstractAutowireCapableBeanFactory.java:569)
	at org.springframework.beans.factory.support.AbstractAutowireCapableBeanFactory.createBean(AbstractAutowireCapableBeanFactory.java:529)
	at org.springframework.beans.factory.support.AbstractBeanFactory.lambda$doGetBean$0(AbstractBeanFactory.java:339)
	at org.springframework.beans.factory.support.DefaultSingletonBeanRegistry.getSingleton(DefaultSingletonBeanRegistry.java:373)
	at org.springframework.beans.factory.support.AbstractBeanFactory.doGetBean(AbstractBeanFactory.java:337)
	at org.springframework.beans.factory.support.AbstractBeanFactory.getBean(AbstractBeanFactory.java:202)
	at org.springframework.beans.factory.support.DefaultListableBeanFactory.instantiateSingleton(DefaultListableBeanFactory.java:1228)
	at org.springframework.beans.factory.support.DefaultListableBeanFactory.preInstantiateSingleton(DefaultListableBeanFactory.java:1194)
	at org.springframework.beans.factory.support.DefaultListableBeanFactory.preInstantiateSingletons(DefaultListableBeanFactory.java:1130)
	at org.springframework.context.support.AbstractApplicationContext.finishBeanFactoryInitialization(AbstractApplicationContext.java:990)
	at org.springframework.context.support.AbstractApplicationContext.refresh(AbstractApplicationContext.java:627)
	at org.springframework.boot.web.servlet.context.ServletWebServerApplicationContext.refresh(ServletWebServerApplicationContext.java:146)
	at org.springframework.boot.SpringApplication.refresh(SpringApplication.java:752)
	at org.springframework.boot.SpringApplication.refreshContext(SpringApplication.java:439)
	at org.springframework.boot.SpringApplication.run(SpringApplication.java:318)
	at org.springframework.boot.SpringApplication.run(SpringApplication.java:1361)
	at org.springframework.boot.SpringApplication.run(SpringApplication.java:1350)
	at com.example.tpcmscheduler.TpcmSchedulerApplication.main(TpcmSchedulerApplication.java:12)
	at java.base/jdk.internal.reflect.DirectMethodHandleAccessor.invoke(DirectMethodHandleAccessor.java:104)
	at java.base/java.lang.reflect.Method.invoke(Method.java:565)
	at org.springframework.boot.loader.launch.Launcher.launch(Launcher.java:106)
	at org.springframework.boot.loader.launch.Launcher.launch(Launcher.java:64)
	at org.springframework.boot.loader.launch.JarLauncher.main(JarLauncher.java:40)
Caused by: org.springframework.beans.factory.UnsatisfiedDependencyException: Error creating bean with name 'dataSourceScriptDatabaseInitializer' defined in class path resource [org/springframework/boot/autoconfigure/sql/init/DataSourceInitializationConfiguration.class]: Unsatisfied dependency expressed through method 'dataSourceScriptDatabaseInitializer' parameter 0: Error creating bean with name 'appDs' defined in class path resource [com/example/tpcmscheduler/config/AppDataSourceConfig.class]: Failed to instantiate [javax.sql.DataSource]: Factory method 'appDataSource' threw exception with message: Failed to initialize pool: ORA-17868: Unknown host specified.: oracle: Temporary failure in name resolution
https://docs.oracle.com/error-help/db/ora-17868/
	at org.springframework.beans.factory.support.ConstructorResolver.createArgumentArray(ConstructorResolver.java:804)
	at org.springframework.beans.factory.support.ConstructorResolver.instantiateUsingFactoryMethod(ConstructorResolver.java:546)
	at org.springframework.beans.factory.support.AbstractAutowireCapableBeanFactory.instantiateUsingFactoryMethod(AbstractAutowireCapableBeanFactory.java:1375)
	at org.springframework.beans.factory.support.AbstractAutowireCapableBeanFactory.createBeanInstance(AbstractAutowireCapableBeanFactory.java:1205)
	at org.springframework.beans.factory.support.AbstractAutowireCapableBeanFactory.doCreateBean(AbstractAutowireCapableBeanFactory.java:569)
	at org.springframework.beans.factory.support.AbstractAutowireCapableBeanFactory.createBean(AbstractAutowireCapableBeanFactory.java:529)
	at org.springframework.beans.factory.support.AbstractBeanFactory.lambda$doGetBean$0(AbstractBeanFactory.java:339)
	at org.springframework.beans.factory.support.DefaultSingletonBeanRegistry.getSingleton(DefaultSingletonBeanRegistry.java:373)
	at org.springframework.beans.factory.support.AbstractBeanFactory.doGetBean(AbstractBeanFactory.java:337)
	at org.springframework.beans.factory.support.AbstractBeanFactory.getBean(AbstractBeanFactory.java:202)
	at org.springframework.beans.factory.support.AbstractBeanFactory.doGetBean(AbstractBeanFactory.java:315)
	at org.springframework.beans.factory.support.AbstractBeanFactory.getBean(AbstractBeanFactory.java:202)
	at org.springframework.beans.factory.support.DefaultListableBeanFactory.doResolveDependency(DefaultListableBeanFactory.java:1708)
	at org.springframework.beans.factory.support.DefaultListableBeanFactory.resolveDependency(DefaultListableBeanFactory.java:1653)
	at org.springframework.beans.factory.support.ConstructorResolver.resolveAutowiredArgument(ConstructorResolver.java:913)
	at org.springframework.beans.factory.support.ConstructorResolver.createArgumentArray(ConstructorResolver.java:791)
	... 26 common frames omitted
Caused by: org.springframework.beans.factory.BeanCreationException: Error creating bean with name 'appDs' defined in class path resource [com/example/tpcmscheduler/config/AppDataSourceConfig.class]: Failed to instantiate [javax.sql.DataSource]: Factory method 'appDataSource' threw exception with message: Failed to initialize pool: ORA-17868: Unknown host specified.: oracle: Temporary failure in name resolution
https://docs.oracle.com/error-help/db/ora-17868/
	at org.springframework.beans.factory.support.ConstructorResolver.instantiate(ConstructorResolver.java:657)
	at org.springframework.beans.factory.support.ConstructorResolver.instantiateUsingFactoryMethod(ConstructorResolver.java:489)
	at org.springframework.beans.factory.support.AbstractAutowireCapableBeanFactory.instantiateUsingFactoryMethod(AbstractAutowireCapableBeanFactory.java:1375)
	at org.springframework.beans.factory.support.AbstractAutowireCapableBeanFactory.createBeanInstance(AbstractAutowireCapableBeanFactory.java:1205)
	at org.springframework.beans.factory.support.AbstractAutowireCapableBeanFactory.doCreateBean(AbstractAutowireCapableBeanFactory.java:569)
	at org.springframework.beans.factory.support.AbstractAutowireCapableBeanFactory.createBean(AbstractAutowireCapableBeanFactory.java:529)
	at org.springframework.beans.factory.support.AbstractBeanFactory.lambda$doGetBean$0(AbstractBeanFactory.java:339)
	at org.springframework.beans.factory.support.DefaultSingletonBeanRegistry.getSingleton(DefaultSingletonBeanRegistry.java:373)
	at org.springframework.beans.factory.support.AbstractBeanFactory.doGetBean(AbstractBeanFactory.java:337)
	at org.springframework.beans.factory.support.AbstractBeanFactory.getBean(AbstractBeanFactory.java:202)
	at org.springframework.beans.factory.config.DependencyDescriptor.resolveCandidate(DependencyDescriptor.java:254)
	at org.springframework.beans.factory.support.DefaultListableBeanFactory.doResolveDependency(DefaultListableBeanFactory.java:1770)
	at org.springframework.beans.factory.support.DefaultListableBeanFactory.resolveDependency(DefaultListableBeanFactory.java:1653)
	at org.springframework.beans.factory.support.ConstructorResolver.resolveAutowiredArgument(ConstructorResolver.java:913)
	at org.springframework.beans.factory.support.ConstructorResolver.createArgumentArray(ConstructorResolver.java:791)
	... 41 common frames omitted
Caused by: org.springframework.beans.BeanInstantiationException: Failed to instantiate [javax.sql.DataSource]: Factory method 'appDataSource' threw exception with message: Failed to initialize pool: ORA-17868: Unknown host specified.: oracle: Temporary failure in name resolution
https://docs.oracle.com/error-help/db/ora-17868/
	at org.springframework.beans.factory.support.SimpleInstantiationStrategy.lambda$instantiate$0(SimpleInstantiationStrategy.java:200)
	at org.springframework.beans.factory.support.SimpleInstantiationStrategy.instantiateWithFactoryMethod(SimpleInstantiationStrategy.java:89)
	at org.springframework.beans.factory.support.SimpleInstantiationStrategy.instantiate(SimpleInstantiationStrategy.java:169)
	at org.springframework.beans.factory.support.ConstructorResolver.instantiate(ConstructorResolver.java:653)
	... 55 common frames omitted
Caused by: com.zaxxer.hikari.pool.HikariPool$PoolInitializationException: Failed to initialize pool: ORA-17868: Unknown host specified.: oracle: Temporary failure in name resolution
https://docs.oracle.com/error-help/db/ora-17868/
	at com.zaxxer.hikari.pool.HikariPool.throwPoolInitializationException(HikariPool.java:610)
	at com.zaxxer.hikari.pool.HikariPool.checkFailFast(HikariPool.java:597)
	at com.zaxxer.hikari.pool.HikariPool.<init>(HikariPool.java:97)
	at com.zaxxer.hikari.HikariDataSource.<init>(HikariDataSource.java:80)
	at com.example.tpcmscheduler.util.DataSourceUtil.createHikariDataSource(DataSourceUtil.java:28)
	at com.example.tpcmscheduler.config.AppDataSourceConfig.appDataSource(AppDataSourceConfig.java:42)
	at com.example.tpcmscheduler.config.AppDataSourceConfig$$SpringCGLIB$$0.CGLIB$appDataSource$1(<generated>)
	at com.example.tpcmscheduler.config.AppDataSourceConfig$$SpringCGLIB$$FastClass$$1.invoke(<generated>)
	at org.springframework.cglib.proxy.MethodProxy.invokeSuper(MethodProxy.java:258)
	at org.springframework.context.annotation.ConfigurationClassEnhancer$BeanMethodInterceptor.intercept(ConfigurationClassEnhancer.java:400)
	at com.example.tpcmscheduler.config.AppDataSourceConfig$$SpringCGLIB$$0.appDataSource(<generated>)
	at java.base/jdk.internal.reflect.DirectMethodHandleAccessor.invoke(DirectMethodHandleAccessor.java:104)
	at java.base/java.lang.reflect.Method.invoke(Method.java:565)
	at org.springframework.beans.factory.support.SimpleInstantiationStrategy.lambda$instantiate$0(SimpleInstantiationStrategy.java:172)
	... 58 common frames omitted
Caused by: java.sql.SQLException: ORA-17868: Unknown host specified.: oracle: Temporary failure in name resolution
https://docs.oracle.com/error-help/db/ora-17868/
	at oracle.jdbc.driver.T4CConnection.handleLogonNetException(T4CConnection.java:1853)
	at oracle.jdbc.driver.T4CConnection.logon(T4CConnection.java:1204)
	at oracle.jdbc.driver.PhysicalConnection.connect(PhysicalConnection.java:1189)
	at oracle.jdbc.driver.T4CDriverExtension.getConnection(T4CDriverExtension.java:106)
	at oracle.jdbc.driver.OracleDriver.connect(OracleDriver.java:887)
	at oracle.jdbc.driver.OracleDriver.connect(OracleDriver.java:694)
	at com.zaxxer.hikari.util.DriverDataSource.getConnection(DriverDataSource.java:144)
	at com.zaxxer.hikari.pool.PoolBase.newConnection(PoolBase.java:370)
	at com.zaxxer.hikari.pool.PoolBase.newPoolEntry(PoolBase.java:207)
	at com.zaxxer.hikari.pool.HikariPool.createPoolEntry(HikariPool.java:488)
	at com.zaxxer.hikari.pool.HikariPool.checkFailFast(HikariPool.java:576)
	... 70 common frames omitted
Caused by: oracle.net.ns.NetException: ORA-17868: Unknown host specified.: oracle: Temporary failure in name resolution
https://docs.oracle.com/error-help/db/ora-17868/
	at oracle.net.resolver.AddrResolution.resolveAddrTree(AddrResolution.java:1169)
	at oracle.net.resolver.AddrResolution.resolveTNSAddress(AddrResolution.java:948)
	at oracle.net.resolver.AddrResolution.initConnStrategy(AddrResolution.java:643)
	at oracle.net.resolver.AddrResolution.<init>(AddrResolution.java:458)
	at oracle.net.ns.NSProtocol.<init>(NSProtocol.java:248)
	at oracle.net.ns.NSProtocolNIO.<init>(NSProtocolNIO.java:149)
	at oracle.jdbc.driver.T4CConnection.logon(T4CConnection.java:1067)
	... 79 common frames omitted
2025-11-18 08:24:54 - Starting TpcmSchedulerApplication v1.0 using Java 25.0.1 with PID 1 (/app/app.jar started by root in /app)
2025-11-18 08:24:54 - The following 1 profile is active: "docker"
2025-11-18 08:24:56 - Tomcat initialized with port 7000 (http)
2025-11-18 08:24:56 - Initializing ProtocolHandler ["http-nio-7000"]
2025-11-18 08:24:56 - Starting service [Tomcat]
2025-11-18 08:24:56 - Starting Servlet engine: [Apache Tomcat/10.1.48]
2025-11-18 08:24:56 - Initializing Spring embedded WebApplicationContext
2025-11-18 08:24:56 - Root WebApplicationContext: initialization completed in 1081 ms
2025-11-18 08:24:56 - HikariPool-scheduler-app - Starting...
2025-11-18 08:25:05 - Exception encountered during context initialization - cancelling refresh attempt: org.springframework.beans.factory.UnsatisfiedDependencyException: Error creating bean with name 'databaseScheduler' defined in URL [jar:nested:/app/app.jar/!BOOT-INF/classes/!/com/example/tpcmscheduler/service/DatabaseScheduler.class]: Unsatisfied dependency expressed through constructor parameter 0: Error creating bean with name 'dataSourceScriptDatabaseInitializer' defined in class path resource [org/springframework/boot/autoconfigure/sql/init/DataSourceInitializationConfiguration.class]: Unsatisfied dependency expressed through method 'dataSourceScriptDatabaseInitializer' parameter 0: Error creating bean with name 'appDs' defined in class path resource [com/example/tpcmscheduler/config/AppDataSourceConfig.class]: Failed to instantiate [javax.sql.DataSource]: Factory method 'appDataSource' threw exception with message: Failed to initialize pool: ORA-17868: Unknown host specified.: oracle: Temporary failure in name resolution
https://docs.oracle.com/error-help/db/ora-17868/
2025-11-18 08:25:05 - Stopping service [Tomcat]
2025-11-18 08:25:05 - 

Error starting ApplicationContext. To display the condition evaluation report re-run your application with 'debug' enabled.
2025-11-18 08:25:05 - Application run failed
org.springframework.beans.factory.UnsatisfiedDependencyException: Error creating bean with name 'databaseScheduler' defined in URL [jar:nested:/app/app.jar/!BOOT-INF/classes/!/com/example/tpcmscheduler/service/DatabaseScheduler.class]: Unsatisfied dependency expressed through constructor parameter 0: Error creating bean with name 'dataSourceScriptDatabaseInitializer' defined in class path resource [org/springframework/boot/autoconfigure/sql/init/DataSourceInitializationConfiguration.class]: Unsatisfied dependency expressed through method 'dataSourceScriptDatabaseInitializer' parameter 0: Error creating bean with name 'appDs' defined in class path resource [com/example/tpcmscheduler/config/AppDataSourceConfig.class]: Failed to instantiate [javax.sql.DataSource]: Factory method 'appDataSource' threw exception with message: Failed to initialize pool: ORA-17868: Unknown host specified.: oracle: Temporary failure in name resolution
https://docs.oracle.com/error-help/db/ora-17868/
	at org.springframework.beans.factory.support.ConstructorResolver.createArgumentArray(ConstructorResolver.java:804)
	at org.springframework.beans.factory.support.ConstructorResolver.autowireConstructor(ConstructorResolver.java:240)
	at org.springframework.beans.factory.support.AbstractAutowireCapableBeanFactory.autowireConstructor(AbstractAutowireCapableBeanFactory.java:1395)
	at org.springframework.beans.factory.support.AbstractAutowireCapableBeanFactory.createBeanInstance(AbstractAutowireCapableBeanFactory.java:1232)
	at org.springframework.beans.factory.support.AbstractAutowireCapableBeanFactory.doCreateBean(AbstractAutowireCapableBeanFactory.java:569)
	at org.springframework.beans.factory.support.AbstractAutowireCapableBeanFactory.createBean(AbstractAutowireCapableBeanFactory.java:529)
	at org.springframework.beans.factory.support.AbstractBeanFactory.lambda$doGetBean$0(AbstractBeanFactory.java:339)
	at org.springframework.beans.factory.support.DefaultSingletonBeanRegistry.getSingleton(DefaultSingletonBeanRegistry.java:373)
	at org.springframework.beans.factory.support.AbstractBeanFactory.doGetBean(AbstractBeanFactory.java:337)
	at org.springframework.beans.factory.support.AbstractBeanFactory.getBean(AbstractBeanFactory.java:202)
	at org.springframework.beans.factory.support.DefaultListableBeanFactory.instantiateSingleton(DefaultListableBeanFactory.java:1228)
	at org.springframework.beans.factory.support.DefaultListableBeanFactory.preInstantiateSingleton(DefaultListableBeanFactory.java:1194)
	at org.springframework.beans.factory.support.DefaultListableBeanFactory.preInstantiateSingletons(DefaultListableBeanFactory.java:1130)
	at org.springframework.context.support.AbstractApplicationContext.finishBeanFactoryInitialization(AbstractApplicationContext.java:990)
	at org.springframework.context.support.AbstractApplicationContext.refresh(AbstractApplicationContext.java:627)
	at org.springframework.boot.web.servlet.context.ServletWebServerApplicationContext.refresh(ServletWebServerApplicationContext.java:146)
	at org.springframework.boot.SpringApplication.refresh(SpringApplication.java:752)
	at org.springframework.boot.SpringApplication.refreshContext(SpringApplication.java:439)
	at org.springframework.boot.SpringApplication.run(SpringApplication.java:318)
	at org.springframework.boot.SpringApplication.run(SpringApplication.java:1361)
	at org.springframework.boot.SpringApplication.run(SpringApplication.java:1350)
	at com.example.tpcmscheduler.TpcmSchedulerApplication.main(TpcmSchedulerApplication.java:12)
	at java.base/jdk.internal.reflect.DirectMethodHandleAccessor.invoke(DirectMethodHandleAccessor.java:104)
	at java.base/java.lang.reflect.Method.invoke(Method.java:565)
	at org.springframework.boot.loader.launch.Launcher.launch(Launcher.java:106)
	at org.springframework.boot.loader.launch.Launcher.launch(Launcher.java:64)
	at org.springframework.boot.loader.launch.JarLauncher.main(JarLauncher.java:40)
Caused by: org.springframework.beans.factory.UnsatisfiedDependencyException: Error creating bean with name 'dataSourceScriptDatabaseInitializer' defined in class path resource [org/springframework/boot/autoconfigure/sql/init/DataSourceInitializationConfiguration.class]: Unsatisfied dependency expressed through method 'dataSourceScriptDatabaseInitializer' parameter 0: Error creating bean with name 'appDs' defined in class path resource [com/example/tpcmscheduler/config/AppDataSourceConfig.class]: Failed to instantiate [javax.sql.DataSource]: Factory method 'appDataSource' threw exception with message: Failed to initialize pool: ORA-17868: Unknown host specified.: oracle: Temporary failure in name resolution
https://docs.oracle.com/error-help/db/ora-17868/
	at org.springframework.beans.factory.support.ConstructorResolver.createArgumentArray(ConstructorResolver.java:804)
	at org.springframework.beans.factory.support.ConstructorResolver.instantiateUsingFactoryMethod(ConstructorResolver.java:546)
	at org.springframework.beans.factory.support.AbstractAutowireCapableBeanFactory.instantiateUsingFactoryMethod(AbstractAutowireCapableBeanFactory.java:1375)
	at org.springframework.beans.factory.support.AbstractAutowireCapableBeanFactory.createBeanInstance(AbstractAutowireCapableBeanFactory.java:1205)
	at org.springframework.beans.factory.support.AbstractAutowireCapableBeanFactory.doCreateBean(AbstractAutowireCapableBeanFactory.java:569)
	at org.springframework.beans.factory.support.AbstractAutowireCapableBeanFactory.createBean(AbstractAutowireCapableBeanFactory.java:529)
	at org.springframework.beans.factory.support.AbstractBeanFactory.lambda$doGetBean$0(AbstractBeanFactory.java:339)
	at org.springframework.beans.factory.support.DefaultSingletonBeanRegistry.getSingleton(DefaultSingletonBeanRegistry.java:373)
	at org.springframework.beans.factory.support.AbstractBeanFactory.doGetBean(AbstractBeanFactory.java:337)
	at org.springframework.beans.factory.support.AbstractBeanFactory.getBean(AbstractBeanFactory.java:202)
	at org.springframework.beans.factory.support.AbstractBeanFactory.doGetBean(AbstractBeanFactory.java:315)
	at org.springframework.beans.factory.support.AbstractBeanFactory.getBean(AbstractBeanFactory.java:202)
	at org.springframework.beans.factory.support.DefaultListableBeanFactory.doResolveDependency(DefaultListableBeanFactory.java:1708)
	at org.springframework.beans.factory.support.DefaultListableBeanFactory.resolveDependency(DefaultListableBeanFactory.java:1653)
	at org.springframework.beans.factory.support.ConstructorResolver.resolveAutowiredArgument(ConstructorResolver.java:913)
	at org.springframework.beans.factory.support.ConstructorResolver.createArgumentArray(ConstructorResolver.java:791)
	... 26 common frames omitted
Caused by: org.springframework.beans.factory.BeanCreationException: Error creating bean with name 'appDs' defined in class path resource [com/example/tpcmscheduler/config/AppDataSourceConfig.class]: Failed to instantiate [javax.sql.DataSource]: Factory method 'appDataSource' threw exception with message: Failed to initialize pool: ORA-17868: Unknown host specified.: oracle: Temporary failure in name resolution
https://docs.oracle.com/error-help/db/ora-17868/
	at org.springframework.beans.factory.support.ConstructorResolver.instantiate(ConstructorResolver.java:657)
	at org.springframework.beans.factory.support.ConstructorResolver.instantiateUsingFactoryMethod(ConstructorResolver.java:489)
	at org.springframework.beans.factory.support.AbstractAutowireCapableBeanFactory.instantiateUsingFactoryMethod(AbstractAutowireCapableBeanFactory.java:1375)
	at org.springframework.beans.factory.support.AbstractAutowireCapableBeanFactory.createBeanInstance(AbstractAutowireCapableBeanFactory.java:1205)
	at org.springframework.beans.factory.support.AbstractAutowireCapableBeanFactory.doCreateBean(AbstractAutowireCapableBeanFactory.java:569)
	at org.springframework.beans.factory.support.AbstractAutowireCapableBeanFactory.createBean(AbstractAutowireCapableBeanFactory.java:529)
	at org.springframework.beans.factory.support.AbstractBeanFactory.lambda$doGetBean$0(AbstractBeanFactory.java:339)
	at org.springframework.beans.factory.support.DefaultSingletonBeanRegistry.getSingleton(DefaultSingletonBeanRegistry.java:373)
	at org.springframework.beans.factory.support.AbstractBeanFactory.doGetBean(AbstractBeanFactory.java:337)
	at org.springframework.beans.factory.support.AbstractBeanFactory.getBean(AbstractBeanFactory.java:202)
	at org.springframework.beans.factory.config.DependencyDescriptor.resolveCandidate(DependencyDescriptor.java:254)
	at org.springframework.beans.factory.support.DefaultListableBeanFactory.doResolveDependency(DefaultListableBeanFactory.java:1770)
	at org.springframework.beans.factory.support.DefaultListableBeanFactory.resolveDependency(DefaultListableBeanFactory.java:1653)
	at org.springframework.beans.factory.support.ConstructorResolver.resolveAutowiredArgument(ConstructorResolver.java:913)
	at org.springframework.beans.factory.support.ConstructorResolver.createArgumentArray(ConstructorResolver.java:791)
	... 41 common frames omitted
Caused by: org.springframework.beans.BeanInstantiationException: Failed to instantiate [javax.sql.DataSource]: Factory method 'appDataSource' threw exception with message: Failed to initialize pool: ORA-17868: Unknown host specified.: oracle: Temporary failure in name resolution
https://docs.oracle.com/error-help/db/ora-17868/
	at org.springframework.beans.factory.support.SimpleInstantiationStrategy.lambda$instantiate$0(SimpleInstantiationStrategy.java:200)
	at org.springframework.beans.factory.support.SimpleInstantiationStrategy.instantiateWithFactoryMethod(SimpleInstantiationStrategy.java:89)
	at org.springframework.beans.factory.support.SimpleInstantiationStrategy.instantiate(SimpleInstantiationStrategy.java:169)
	at org.springframework.beans.factory.support.ConstructorResolver.instantiate(ConstructorResolver.java:653)
	... 55 common frames omitted
Caused by: com.zaxxer.hikari.pool.HikariPool$PoolInitializationException: Failed to initialize pool: ORA-17868: Unknown host specified.: oracle: Temporary failure in name resolution
https://docs.oracle.com/error-help/db/ora-17868/
	at com.zaxxer.hikari.pool.HikariPool.throwPoolInitializationException(HikariPool.java:610)
	at com.zaxxer.hikari.pool.HikariPool.checkFailFast(HikariPool.java:597)
	at com.zaxxer.hikari.pool.HikariPool.<init>(HikariPool.java:97)
	at com.zaxxer.hikari.HikariDataSource.<init>(HikariDataSource.java:80)
	at com.example.tpcmscheduler.util.DataSourceUtil.createHikariDataSource(DataSourceUtil.java:28)
	at com.example.tpcmscheduler.config.AppDataSourceConfig.appDataSource(AppDataSourceConfig.java:42)
	at com.example.tpcmscheduler.config.AppDataSourceConfig$$SpringCGLIB$$0.CGLIB$appDataSource$1(<generated>)
	at com.example.tpcmscheduler.config.AppDataSourceConfig$$SpringCGLIB$$FastClass$$1.invoke(<generated>)
	at org.springframework.cglib.proxy.MethodProxy.invokeSuper(MethodProxy.java:258)
	at org.springframework.context.annotation.ConfigurationClassEnhancer$BeanMethodInterceptor.intercept(ConfigurationClassEnhancer.java:400)
	at com.example.tpcmscheduler.config.AppDataSourceConfig$$SpringCGLIB$$0.appDataSource(<generated>)
	at java.base/jdk.internal.reflect.DirectMethodHandleAccessor.invoke(DirectMethodHandleAccessor.java:104)
	at java.base/java.lang.reflect.Method.invoke(Method.java:565)
	at org.springframework.beans.factory.support.SimpleInstantiationStrategy.lambda$instantiate$0(SimpleInstantiationStrategy.java:172)
	... 58 common frames omitted
Caused by: java.sql.SQLException: ORA-17868: Unknown host specified.: oracle: Temporary failure in name resolution
https://docs.oracle.com/error-help/db/ora-17868/
	at oracle.jdbc.driver.T4CConnection.handleLogonNetException(T4CConnection.java:1853)
	at oracle.jdbc.driver.T4CConnection.logon(T4CConnection.java:1204)
	at oracle.jdbc.driver.PhysicalConnection.connect(PhysicalConnection.java:1189)
	at oracle.jdbc.driver.T4CDriverExtension.getConnection(T4CDriverExtension.java:106)
	at oracle.jdbc.driver.OracleDriver.connect(OracleDriver.java:887)
	at oracle.jdbc.driver.OracleDriver.connect(OracleDriver.java:694)
	at com.zaxxer.hikari.util.DriverDataSource.getConnection(DriverDataSource.java:144)
	at com.zaxxer.hikari.pool.PoolBase.newConnection(PoolBase.java:370)
	at com.zaxxer.hikari.pool.PoolBase.newPoolEntry(PoolBase.java:207)
	at com.zaxxer.hikari.pool.HikariPool.createPoolEntry(HikariPool.java:488)
	at com.zaxxer.hikari.pool.HikariPool.checkFailFast(HikariPool.java:576)
	... 70 common frames omitted
Caused by: oracle.net.ns.NetException: ORA-17868: Unknown host specified.: oracle: Temporary failure in name resolution
https://docs.oracle.com/error-help/db/ora-17868/
	at oracle.net.resolver.AddrResolution.resolveAddrTree(AddrResolution.java:1169)
	at oracle.net.resolver.AddrResolution.resolveTNSAddress(AddrResolution.java:948)
	at oracle.net.resolver.AddrResolution.initConnStrategy(AddrResolution.java:643)
	at oracle.net.resolver.AddrResolution.<init>(AddrResolution.java:458)
	at oracle.net.ns.NSProtocol.<init>(NSProtocol.java:248)
	at oracle.net.ns.NSProtocolNIO.<init>(NSProtocolNIO.java:149)
	at oracle.jdbc.driver.T4CConnection.logon(T4CConnection.java:1067)
	... 79 common frames omitted
2025-11-18 08:25:07 - Starting TpcmSchedulerApplication v1.0 using Java 25.0.1 with PID 1 (/app/app.jar started by root in /app)
2025-11-18 08:25:07 - The following 1 profile is active: "docker"
2025-11-18 08:25:08 - Tomcat initialized with port 7000 (http)
2025-11-18 08:25:08 - Initializing ProtocolHandler ["http-nio-7000"]
2025-11-18 08:25:08 - Starting service [Tomcat]
2025-11-18 08:25:08 - Starting Servlet engine: [Apache Tomcat/10.1.48]
2025-11-18 08:25:08 - Initializing Spring embedded WebApplicationContext
2025-11-18 08:25:08 - Root WebApplicationContext: initialization completed in 1046 ms
2025-11-18 08:25:08 - HikariPool-scheduler-app - Starting...
2025-11-18 08:25:17 - Exception encountered during context initialization - cancelling refresh attempt: org.springframework.beans.factory.UnsatisfiedDependencyException: Error creating bean with name 'databaseScheduler' defined in URL [jar:nested:/app/app.jar/!BOOT-INF/classes/!/com/example/tpcmscheduler/service/DatabaseScheduler.class]: Unsatisfied dependency expressed through constructor parameter 0: Error creating bean with name 'dataSourceScriptDatabaseInitializer' defined in class path resource [org/springframework/boot/autoconfigure/sql/init/DataSourceInitializationConfiguration.class]: Unsatisfied dependency expressed through method 'dataSourceScriptDatabaseInitializer' parameter 0: Error creating bean with name 'appDs' defined in class path resource [com/example/tpcmscheduler/config/AppDataSourceConfig.class]: Failed to instantiate [javax.sql.DataSource]: Factory method 'appDataSource' threw exception with message: Failed to initialize pool: ORA-17868: Unknown host specified.: oracle: Temporary failure in name resolution
https://docs.oracle.com/error-help/db/ora-17868/
2025-11-18 08:25:17 - Stopping service [Tomcat]
2025-11-18 08:25:17 - 

Error starting ApplicationContext. To display the condition evaluation report re-run your application with 'debug' enabled.
2025-11-18 08:25:17 - Application run failed
org.springframework.beans.factory.UnsatisfiedDependencyException: Error creating bean with name 'databaseScheduler' defined in URL [jar:nested:/app/app.jar/!BOOT-INF/classes/!/com/example/tpcmscheduler/service/DatabaseScheduler.class]: Unsatisfied dependency expressed through constructor parameter 0: Error creating bean with name 'dataSourceScriptDatabaseInitializer' defined in class path resource [org/springframework/boot/autoconfigure/sql/init/DataSourceInitializationConfiguration.class]: Unsatisfied dependency expressed through method 'dataSourceScriptDatabaseInitializer' parameter 0: Error creating bean with name 'appDs' defined in class path resource [com/example/tpcmscheduler/config/AppDataSourceConfig.class]: Failed to instantiate [javax.sql.DataSource]: Factory method 'appDataSource' threw exception with message: Failed to initialize pool: ORA-17868: Unknown host specified.: oracle: Temporary failure in name resolution
https://docs.oracle.com/error-help/db/ora-17868/
	at org.springframework.beans.factory.support.ConstructorResolver.createArgumentArray(ConstructorResolver.java:804)
	at org.springframework.beans.factory.support.ConstructorResolver.autowireConstructor(ConstructorResolver.java:240)
	at org.springframework.beans.factory.support.AbstractAutowireCapableBeanFactory.autowireConstructor(AbstractAutowireCapableBeanFactory.java:1395)
	at org.springframework.beans.factory.support.AbstractAutowireCapableBeanFactory.createBeanInstance(AbstractAutowireCapableBeanFactory.java:1232)
	at org.springframework.beans.factory.support.AbstractAutowireCapableBeanFactory.doCreateBean(AbstractAutowireCapableBeanFactory.java:569)
	at org.springframework.beans.factory.support.AbstractAutowireCapableBeanFactory.createBean(AbstractAutowireCapableBeanFactory.java:529)
	at org.springframework.beans.factory.support.AbstractBeanFactory.lambda$doGetBean$0(AbstractBeanFactory.java:339)
	at org.springframework.beans.factory.support.DefaultSingletonBeanRegistry.getSingleton(DefaultSingletonBeanRegistry.java:373)
	at org.springframework.beans.factory.support.AbstractBeanFactory.doGetBean(AbstractBeanFactory.java:337)
	at org.springframework.beans.factory.support.AbstractBeanFactory.getBean(AbstractBeanFactory.java:202)
	at org.springframework.beans.factory.support.DefaultListableBeanFactory.instantiateSingleton(DefaultListableBeanFactory.java:1228)
	at org.springframework.beans.factory.support.DefaultListableBeanFactory.preInstantiateSingleton(DefaultListableBeanFactory.java:1194)
	at org.springframework.beans.factory.support.DefaultListableBeanFactory.preInstantiateSingletons(DefaultListableBeanFactory.java:1130)
	at org.springframework.context.support.AbstractApplicationContext.finishBeanFactoryInitialization(AbstractApplicationContext.java:990)
	at org.springframework.context.support.AbstractApplicationContext.refresh(AbstractApplicationContext.java:627)
	at org.springframework.boot.web.servlet.context.ServletWebServerApplicationContext.refresh(ServletWebServerApplicationContext.java:146)
	at org.springframework.boot.SpringApplication.refresh(SpringApplication.java:752)
	at org.springframework.boot.SpringApplication.refreshContext(SpringApplication.java:439)
	at org.springframework.boot.SpringApplication.run(SpringApplication.java:318)
	at org.springframework.boot.SpringApplication.run(SpringApplication.java:1361)
	at org.springframework.boot.SpringApplication.run(SpringApplication.java:1350)
	at com.example.tpcmscheduler.TpcmSchedulerApplication.main(TpcmSchedulerApplication.java:12)
	at java.base/jdk.internal.reflect.DirectMethodHandleAccessor.invoke(DirectMethodHandleAccessor.java:104)
	at java.base/java.lang.reflect.Method.invoke(Method.java:565)
	at org.springframework.boot.loader.launch.Launcher.launch(Launcher.java:106)
	at org.springframework.boot.loader.launch.Launcher.launch(Launcher.java:64)
	at org.springframework.boot.loader.launch.JarLauncher.main(JarLauncher.java:40)
Caused by: org.springframework.beans.factory.UnsatisfiedDependencyException: Error creating bean with name 'dataSourceScriptDatabaseInitializer' defined in class path resource [org/springframework/boot/autoconfigure/sql/init/DataSourceInitializationConfiguration.class]: Unsatisfied dependency expressed through method 'dataSourceScriptDatabaseInitializer' parameter 0: Error creating bean with name 'appDs' defined in class path resource [com/example/tpcmscheduler/config/AppDataSourceConfig.class]: Failed to instantiate [javax.sql.DataSource]: Factory method 'appDataSource' threw exception with message: Failed to initialize pool: ORA-17868: Unknown host specified.: oracle: Temporary failure in name resolution
https://docs.oracle.com/error-help/db/ora-17868/
	at org.springframework.beans.factory.support.ConstructorResolver.createArgumentArray(ConstructorResolver.java:804)
	at org.springframework.beans.factory.support.ConstructorResolver.instantiateUsingFactoryMethod(ConstructorResolver.java:546)
	at org.springframework.beans.factory.support.AbstractAutowireCapableBeanFactory.instantiateUsingFactoryMethod(AbstractAutowireCapableBeanFactory.java:1375)
	at org.springframework.beans.factory.support.AbstractAutowireCapableBeanFactory.createBeanInstance(AbstractAutowireCapableBeanFactory.java:1205)
	at org.springframework.beans.factory.support.AbstractAutowireCapableBeanFactory.doCreateBean(AbstractAutowireCapableBeanFactory.java:569)
	at org.springframework.beans.factory.support.AbstractAutowireCapableBeanFactory.createBean(AbstractAutowireCapableBeanFactory.java:529)
	at org.springframework.beans.factory.support.AbstractBeanFactory.lambda$doGetBean$0(AbstractBeanFactory.java:339)
	at org.springframework.beans.factory.support.DefaultSingletonBeanRegistry.getSingleton(DefaultSingletonBeanRegistry.java:373)
	at org.springframework.beans.factory.support.AbstractBeanFactory.doGetBean(AbstractBeanFactory.java:337)
	at org.springframework.beans.factory.support.AbstractBeanFactory.getBean(AbstractBeanFactory.java:202)
	at org.springframework.beans.factory.support.AbstractBeanFactory.doGetBean(AbstractBeanFactory.java:315)
	at org.springframework.beans.factory.support.AbstractBeanFactory.getBean(AbstractBeanFactory.java:202)
	at org.springframework.beans.factory.support.DefaultListableBeanFactory.doResolveDependency(DefaultListableBeanFactory.java:1708)
	at org.springframework.beans.factory.support.DefaultListableBeanFactory.resolveDependency(DefaultListableBeanFactory.java:1653)
	at org.springframework.beans.factory.support.ConstructorResolver.resolveAutowiredArgument(ConstructorResolver.java:913)
	at org.springframework.beans.factory.support.ConstructorResolver.createArgumentArray(ConstructorResolver.java:791)
	... 26 common frames omitted
Caused by: org.springframework.beans.factory.BeanCreationException: Error creating bean with name 'appDs' defined in class path resource [com/example/tpcmscheduler/config/AppDataSourceConfig.class]: Failed to instantiate [javax.sql.DataSource]: Factory method 'appDataSource' threw exception with message: Failed to initialize pool: ORA-17868: Unknown host specified.: oracle: Temporary failure in name resolution
https://docs.oracle.com/error-help/db/ora-17868/
	at org.springframework.beans.factory.support.ConstructorResolver.instantiate(ConstructorResolver.java:657)
	at org.springframework.beans.factory.support.ConstructorResolver.instantiateUsingFactoryMethod(ConstructorResolver.java:489)
	at org.springframework.beans.factory.support.AbstractAutowireCapableBeanFactory.instantiateUsingFactoryMethod(AbstractAutowireCapableBeanFactory.java:1375)
	at org.springframework.beans.factory.support.AbstractAutowireCapableBeanFactory.createBeanInstance(AbstractAutowireCapableBeanFactory.java:1205)
	at org.springframework.beans.factory.support.AbstractAutowireCapableBeanFactory.doCreateBean(AbstractAutowireCapableBeanFactory.java:569)
	at org.springframework.beans.factory.support.AbstractAutowireCapableBeanFactory.createBean(AbstractAutowireCapableBeanFactory.java:529)
	at org.springframework.beans.factory.support.AbstractBeanFactory.lambda$doGetBean$0(AbstractBeanFactory.java:339)
	at org.springframework.beans.factory.support.DefaultSingletonBeanRegistry.getSingleton(DefaultSingletonBeanRegistry.java:373)
	at org.springframework.beans.factory.support.AbstractBeanFactory.doGetBean(AbstractBeanFactory.java:337)
	at org.springframework.beans.factory.support.AbstractBeanFactory.getBean(AbstractBeanFactory.java:202)
	at org.springframework.beans.factory.config.DependencyDescriptor.resolveCandidate(DependencyDescriptor.java:254)
	at org.springframework.beans.factory.support.DefaultListableBeanFactory.doResolveDependency(DefaultListableBeanFactory.java:1770)
	at org.springframework.beans.factory.support.DefaultListableBeanFactory.resolveDependency(DefaultListableBeanFactory.java:1653)
	at org.springframework.beans.factory.support.ConstructorResolver.resolveAutowiredArgument(ConstructorResolver.java:913)
	at org.springframework.beans.factory.support.ConstructorResolver.createArgumentArray(ConstructorResolver.java:791)
	... 41 common frames omitted
Caused by: org.springframework.beans.BeanInstantiationException: Failed to instantiate [javax.sql.DataSource]: Factory method 'appDataSource' threw exception with message: Failed to initialize pool: ORA-17868: Unknown host specified.: oracle: Temporary failure in name resolution
https://docs.oracle.com/error-help/db/ora-17868/
	at org.springframework.beans.factory.support.SimpleInstantiationStrategy.lambda$instantiate$0(SimpleInstantiationStrategy.java:200)
	at org.springframework.beans.factory.support.SimpleInstantiationStrategy.instantiateWithFactoryMethod(SimpleInstantiationStrategy.java:89)
	at org.springframework.beans.factory.support.SimpleInstantiationStrategy.instantiate(SimpleInstantiationStrategy.java:169)
	at org.springframework.beans.factory.support.ConstructorResolver.instantiate(ConstructorResolver.java:653)
	... 55 common frames omitted
Caused by: com.zaxxer.hikari.pool.HikariPool$PoolInitializationException: Failed to initialize pool: ORA-17868: Unknown host specified.: oracle: Temporary failure in name resolution
https://docs.oracle.com/error-help/db/ora-17868/
	at com.zaxxer.hikari.pool.HikariPool.throwPoolInitializationException(HikariPool.java:610)
	at com.zaxxer.hikari.pool.HikariPool.checkFailFast(HikariPool.java:597)
	at com.zaxxer.hikari.pool.HikariPool.<init>(HikariPool.java:97)
	at com.zaxxer.hikari.HikariDataSource.<init>(HikariDataSource.java:80)
	at com.example.tpcmscheduler.util.DataSourceUtil.createHikariDataSource(DataSourceUtil.java:28)
	at com.example.tpcmscheduler.config.AppDataSourceConfig.appDataSource(AppDataSourceConfig.java:42)
	at com.example.tpcmscheduler.config.AppDataSourceConfig$$SpringCGLIB$$0.CGLIB$appDataSource$1(<generated>)
	at com.example.tpcmscheduler.config.AppDataSourceConfig$$SpringCGLIB$$FastClass$$1.invoke(<generated>)
	at org.springframework.cglib.proxy.MethodProxy.invokeSuper(MethodProxy.java:258)
	at org.springframework.context.annotation.ConfigurationClassEnhancer$BeanMethodInterceptor.intercept(ConfigurationClassEnhancer.java:400)
	at com.example.tpcmscheduler.config.AppDataSourceConfig$$SpringCGLIB$$0.appDataSource(<generated>)
	at java.base/jdk.internal.reflect.DirectMethodHandleAccessor.invoke(DirectMethodHandleAccessor.java:104)
	at java.base/java.lang.reflect.Method.invoke(Method.java:565)
	at org.springframework.beans.factory.support.SimpleInstantiationStrategy.lambda$instantiate$0(SimpleInstantiationStrategy.java:172)
	... 58 common frames omitted
Caused by: java.sql.SQLException: ORA-17868: Unknown host specified.: oracle: Temporary failure in name resolution
https://docs.oracle.com/error-help/db/ora-17868/
	at oracle.jdbc.driver.T4CConnection.handleLogonNetException(T4CConnection.java:1853)
	at oracle.jdbc.driver.T4CConnection.logon(T4CConnection.java:1204)
	at oracle.jdbc.driver.PhysicalConnection.connect(PhysicalConnection.java:1189)
	at oracle.jdbc.driver.T4CDriverExtension.getConnection(T4CDriverExtension.java:106)
	at oracle.jdbc.driver.OracleDriver.connect(OracleDriver.java:887)
	at oracle.jdbc.driver.OracleDriver.connect(OracleDriver.java:694)
	at com.zaxxer.hikari.util.DriverDataSource.getConnection(DriverDataSource.java:144)
	at com.zaxxer.hikari.pool.PoolBase.newConnection(PoolBase.java:370)
	at com.zaxxer.hikari.pool.PoolBase.newPoolEntry(PoolBase.java:207)
	at com.zaxxer.hikari.pool.HikariPool.createPoolEntry(HikariPool.java:488)
	at com.zaxxer.hikari.pool.HikariPool.checkFailFast(HikariPool.java:576)
	... 70 common frames omitted
Caused by: oracle.net.ns.NetException: ORA-17868: Unknown host specified.: oracle: Temporary failure in name resolution
https://docs.oracle.com/error-help/db/ora-17868/
	at oracle.net.resolver.AddrResolution.resolveAddrTree(AddrResolution.java:1169)
	at oracle.net.resolver.AddrResolution.resolveTNSAddress(AddrResolution.java:948)
	at oracle.net.resolver.AddrResolution.initConnStrategy(AddrResolution.java:643)
	at oracle.net.resolver.AddrResolution.<init>(AddrResolution.java:458)
	at oracle.net.ns.NSProtocol.<init>(NSProtocol.java:248)
	at oracle.net.ns.NSProtocolNIO.<init>(NSProtocolNIO.java:149)
	at oracle.jdbc.driver.T4CConnection.logon(T4CConnection.java:1067)
	... 79 common frames omitted
2025-11-18 08:25:19 - Starting TpcmSchedulerApplication v1.0 using Java 25.0.1 with PID 1 (/app/app.jar started by root in /app)
2025-11-18 08:25:19 - The following 1 profile is active: "docker"
2025-11-18 08:25:20 - Tomcat initialized with port 7000 (http)
2025-11-18 08:25:20 - Initializing ProtocolHandler ["http-nio-7000"]
2025-11-18 08:25:20 - Starting service [Tomcat]
2025-11-18 08:25:20 - Starting Servlet engine: [Apache Tomcat/10.1.48]
2025-11-18 08:25:20 - Initializing Spring embedded WebApplicationContext
2025-11-18 08:25:20 - Root WebApplicationContext: initialization completed in 1099 ms
2025-11-18 08:25:20 - HikariPool-scheduler-app - Starting...
2025-11-18 08:25:29 - Exception encountered during context initialization - cancelling refresh attempt: org.springframework.beans.factory.UnsatisfiedDependencyException: Error creating bean with name 'databaseScheduler' defined in URL [jar:nested:/app/app.jar/!BOOT-INF/classes/!/com/example/tpcmscheduler/service/DatabaseScheduler.class]: Unsatisfied dependency expressed through constructor parameter 0: Error creating bean with name 'dataSourceScriptDatabaseInitializer' defined in class path resource [org/springframework/boot/autoconfigure/sql/init/DataSourceInitializationConfiguration.class]: Unsatisfied dependency expressed through method 'dataSourceScriptDatabaseInitializer' parameter 0: Error creating bean with name 'appDs' defined in class path resource [com/example/tpcmscheduler/config/AppDataSourceConfig.class]: Failed to instantiate [javax.sql.DataSource]: Factory method 'appDataSource' threw exception with message: Failed to initialize pool: ORA-17868: Unknown host specified.: oracle: Temporary failure in name resolution
https://docs.oracle.com/error-help/db/ora-17868/
2025-11-18 08:25:29 - Stopping service [Tomcat]
2025-11-18 08:25:29 - 

Error starting ApplicationContext. To display the condition evaluation report re-run your application with 'debug' enabled.
2025-11-18 08:25:29 - Application run failed
org.springframework.beans.factory.UnsatisfiedDependencyException: Error creating bean with name 'databaseScheduler' defined in URL [jar:nested:/app/app.jar/!BOOT-INF/classes/!/com/example/tpcmscheduler/service/DatabaseScheduler.class]: Unsatisfied dependency expressed through constructor parameter 0: Error creating bean with name 'dataSourceScriptDatabaseInitializer' defined in class path resource [org/springframework/boot/autoconfigure/sql/init/DataSourceInitializationConfiguration.class]: Unsatisfied dependency expressed through method 'dataSourceScriptDatabaseInitializer' parameter 0: Error creating bean with name 'appDs' defined in class path resource [com/example/tpcmscheduler/config/AppDataSourceConfig.class]: Failed to instantiate [javax.sql.DataSource]: Factory method 'appDataSource' threw exception with message: Failed to initialize pool: ORA-17868: Unknown host specified.: oracle: Temporary failure in name resolution
https://docs.oracle.com/error-help/db/ora-17868/
	at org.springframework.beans.factory.support.ConstructorResolver.createArgumentArray(ConstructorResolver.java:804)
	at org.springframework.beans.factory.support.ConstructorResolver.autowireConstructor(ConstructorResolver.java:240)
	at org.springframework.beans.factory.support.AbstractAutowireCapableBeanFactory.autowireConstructor(AbstractAutowireCapableBeanFactory.java:1395)
	at org.springframework.beans.factory.support.AbstractAutowireCapableBeanFactory.createBeanInstance(AbstractAutowireCapableBeanFactory.java:1232)
	at org.springframework.beans.factory.support.AbstractAutowireCapableBeanFactory.doCreateBean(AbstractAutowireCapableBeanFactory.java:569)
	at org.springframework.beans.factory.support.AbstractAutowireCapableBeanFactory.createBean(AbstractAutowireCapableBeanFactory.java:529)
	at org.springframework.beans.factory.support.AbstractBeanFactory.lambda$doGetBean$0(AbstractBeanFactory.java:339)
	at org.springframework.beans.factory.support.DefaultSingletonBeanRegistry.getSingleton(DefaultSingletonBeanRegistry.java:373)
	at org.springframework.beans.factory.support.AbstractBeanFactory.doGetBean(AbstractBeanFactory.java:337)
	at org.springframework.beans.factory.support.AbstractBeanFactory.getBean(AbstractBeanFactory.java:202)
	at org.springframework.beans.factory.support.DefaultListableBeanFactory.instantiateSingleton(DefaultListableBeanFactory.java:1228)
	at org.springframework.beans.factory.support.DefaultListableBeanFactory.preInstantiateSingleton(DefaultListableBeanFactory.java:1194)
	at org.springframework.beans.factory.support.DefaultListableBeanFactory.preInstantiateSingletons(DefaultListableBeanFactory.java:1130)
	at org.springframework.context.support.AbstractApplicationContext.finishBeanFactoryInitialization(AbstractApplicationContext.java:990)
	at org.springframework.context.support.AbstractApplicationContext.refresh(AbstractApplicationContext.java:627)
	at org.springframework.boot.web.servlet.context.ServletWebServerApplicationContext.refresh(ServletWebServerApplicationContext.java:146)
	at org.springframework.boot.SpringApplication.refresh(SpringApplication.java:752)
	at org.springframework.boot.SpringApplication.refreshContext(SpringApplication.java:439)
	at org.springframework.boot.SpringApplication.run(SpringApplication.java:318)
	at org.springframework.boot.SpringApplication.run(SpringApplication.java:1361)
	at org.springframework.boot.SpringApplication.run(SpringApplication.java:1350)
	at com.example.tpcmscheduler.TpcmSchedulerApplication.main(TpcmSchedulerApplication.java:12)
	at java.base/jdk.internal.reflect.DirectMethodHandleAccessor.invoke(DirectMethodHandleAccessor.java:104)
	at java.base/java.lang.reflect.Method.invoke(Method.java:565)
	at org.springframework.boot.loader.launch.Launcher.launch(Launcher.java:106)
	at org.springframework.boot.loader.launch.Launcher.launch(Launcher.java:64)
	at org.springframework.boot.loader.launch.JarLauncher.main(JarLauncher.java:40)
Caused by: org.springframework.beans.factory.UnsatisfiedDependencyException: Error creating bean with name 'dataSourceScriptDatabaseInitializer' defined in class path resource [org/springframework/boot/autoconfigure/sql/init/DataSourceInitializationConfiguration.class]: Unsatisfied dependency expressed through method 'dataSourceScriptDatabaseInitializer' parameter 0: Error creating bean with name 'appDs' defined in class path resource [com/example/tpcmscheduler/config/AppDataSourceConfig.class]: Failed to instantiate [javax.sql.DataSource]: Factory method 'appDataSource' threw exception with message: Failed to initialize pool: ORA-17868: Unknown host specified.: oracle: Temporary failure in name resolution
https://docs.oracle.com/error-help/db/ora-17868/
	at org.springframework.beans.factory.support.ConstructorResolver.createArgumentArray(ConstructorResolver.java:804)
	at org.springframework.beans.factory.support.ConstructorResolver.instantiateUsingFactoryMethod(ConstructorResolver.java:546)
	at org.springframework.beans.factory.support.AbstractAutowireCapableBeanFactory.instantiateUsingFactoryMethod(AbstractAutowireCapableBeanFactory.java:1375)
	at org.springframework.beans.factory.support.AbstractAutowireCapableBeanFactory.createBeanInstance(AbstractAutowireCapableBeanFactory.java:1205)
	at org.springframework.beans.factory.support.AbstractAutowireCapableBeanFactory.doCreateBean(AbstractAutowireCapableBeanFactory.java:569)
	at org.springframework.beans.factory.support.AbstractAutowireCapableBeanFactory.createBean(AbstractAutowireCapableBeanFactory.java:529)
	at org.springframework.beans.factory.support.AbstractBeanFactory.lambda$doGetBean$0(AbstractBeanFactory.java:339)
	at org.springframework.beans.factory.support.DefaultSingletonBeanRegistry.getSingleton(DefaultSingletonBeanRegistry.java:373)
	at org.springframework.beans.factory.support.AbstractBeanFactory.doGetBean(AbstractBeanFactory.java:337)
	at org.springframework.beans.factory.support.AbstractBeanFactory.getBean(AbstractBeanFactory.java:202)
	at org.springframework.beans.factory.support.AbstractBeanFactory.doGetBean(AbstractBeanFactory.java:315)
	at org.springframework.beans.factory.support.AbstractBeanFactory.getBean(AbstractBeanFactory.java:202)
	at org.springframework.beans.factory.support.DefaultListableBeanFactory.doResolveDependency(DefaultListableBeanFactory.java:1708)
	at org.springframework.beans.factory.support.DefaultListableBeanFactory.resolveDependency(DefaultListableBeanFactory.java:1653)
	at org.springframework.beans.factory.support.ConstructorResolver.resolveAutowiredArgument(ConstructorResolver.java:913)
	at org.springframework.beans.factory.support.ConstructorResolver.createArgumentArray(ConstructorResolver.java:791)
	... 26 common frames omitted
Caused by: org.springframework.beans.factory.BeanCreationException: Error creating bean with name 'appDs' defined in class path resource [com/example/tpcmscheduler/config/AppDataSourceConfig.class]: Failed to instantiate [javax.sql.DataSource]: Factory method 'appDataSource' threw exception with message: Failed to initialize pool: ORA-17868: Unknown host specified.: oracle: Temporary failure in name resolution
https://docs.oracle.com/error-help/db/ora-17868/
	at org.springframework.beans.factory.support.ConstructorResolver.instantiate(ConstructorResolver.java:657)
	at org.springframework.beans.factory.support.ConstructorResolver.instantiateUsingFactoryMethod(ConstructorResolver.java:489)
	at org.springframework.beans.factory.support.AbstractAutowireCapableBeanFactory.instantiateUsingFactoryMethod(AbstractAutowireCapableBeanFactory.java:1375)
	at org.springframework.beans.factory.support.AbstractAutowireCapableBeanFactory.createBeanInstance(AbstractAutowireCapableBeanFactory.java:1205)
	at org.springframework.beans.factory.support.AbstractAutowireCapableBeanFactory.doCreateBean(AbstractAutowireCapableBeanFactory.java:569)
	at org.springframework.beans.factory.support.AbstractAutowireCapableBeanFactory.createBean(AbstractAutowireCapableBeanFactory.java:529)
	at org.springframework.beans.factory.support.AbstractBeanFactory.lambda$doGetBean$0(AbstractBeanFactory.java:339)
	at org.springframework.beans.factory.support.DefaultSingletonBeanRegistry.getSingleton(DefaultSingletonBeanRegistry.java:373)
	at org.springframework.beans.factory.support.AbstractBeanFactory.doGetBean(AbstractBeanFactory.java:337)
	at org.springframework.beans.factory.support.AbstractBeanFactory.getBean(AbstractBeanFactory.java:202)
	at org.springframework.beans.factory.config.DependencyDescriptor.resolveCandidate(DependencyDescriptor.java:254)
	at org.springframework.beans.factory.support.DefaultListableBeanFactory.doResolveDependency(DefaultListableBeanFactory.java:1770)
	at org.springframework.beans.factory.support.DefaultListableBeanFactory.resolveDependency(DefaultListableBeanFactory.java:1653)
	at org.springframework.beans.factory.support.ConstructorResolver.resolveAutowiredArgument(ConstructorResolver.java:913)
	at org.springframework.beans.factory.support.ConstructorResolver.createArgumentArray(ConstructorResolver.java:791)
	... 41 common frames omitted
Caused by: org.springframework.beans.BeanInstantiationException: Failed to instantiate [javax.sql.DataSource]: Factory method 'appDataSource' threw exception with message: Failed to initialize pool: ORA-17868: Unknown host specified.: oracle: Temporary failure in name resolution
https://docs.oracle.com/error-help/db/ora-17868/
	at org.springframework.beans.factory.support.SimpleInstantiationStrategy.lambda$instantiate$0(SimpleInstantiationStrategy.java:200)
	at org.springframework.beans.factory.support.SimpleInstantiationStrategy.instantiateWithFactoryMethod(SimpleInstantiationStrategy.java:89)
	at org.springframework.beans.factory.support.SimpleInstantiationStrategy.instantiate(SimpleInstantiationStrategy.java:169)
	at org.springframework.beans.factory.support.ConstructorResolver.instantiate(ConstructorResolver.java:653)
	... 55 common frames omitted
Caused by: com.zaxxer.hikari.pool.HikariPool$PoolInitializationException: Failed to initialize pool: ORA-17868: Unknown host specified.: oracle: Temporary failure in name resolution
https://docs.oracle.com/error-help/db/ora-17868/
	at com.zaxxer.hikari.pool.HikariPool.throwPoolInitializationException(HikariPool.java:610)
	at com.zaxxer.hikari.pool.HikariPool.checkFailFast(HikariPool.java:597)
	at com.zaxxer.hikari.pool.HikariPool.<init>(HikariPool.java:97)
	at com.zaxxer.hikari.HikariDataSource.<init>(HikariDataSource.java:80)
	at com.example.tpcmscheduler.util.DataSourceUtil.createHikariDataSource(DataSourceUtil.java:28)
	at com.example.tpcmscheduler.config.AppDataSourceConfig.appDataSource(AppDataSourceConfig.java:42)
	at com.example.tpcmscheduler.config.AppDataSourceConfig$$SpringCGLIB$$0.CGLIB$appDataSource$1(<generated>)
	at com.example.tpcmscheduler.config.AppDataSourceConfig$$SpringCGLIB$$FastClass$$1.invoke(<generated>)
	at org.springframework.cglib.proxy.MethodProxy.invokeSuper(MethodProxy.java:258)
	at org.springframework.context.annotation.ConfigurationClassEnhancer$BeanMethodInterceptor.intercept(ConfigurationClassEnhancer.java:400)
	at com.example.tpcmscheduler.config.AppDataSourceConfig$$SpringCGLIB$$0.appDataSource(<generated>)
	at java.base/jdk.internal.reflect.DirectMethodHandleAccessor.invoke(DirectMethodHandleAccessor.java:104)
	at java.base/java.lang.reflect.Method.invoke(Method.java:565)
	at org.springframework.beans.factory.support.SimpleInstantiationStrategy.lambda$instantiate$0(SimpleInstantiationStrategy.java:172)
	... 58 common frames omitted
Caused by: java.sql.SQLException: ORA-17868: Unknown host specified.: oracle: Temporary failure in name resolution
https://docs.oracle.com/error-help/db/ora-17868/
	at oracle.jdbc.driver.T4CConnection.handleLogonNetException(T4CConnection.java:1853)
	at oracle.jdbc.driver.T4CConnection.logon(T4CConnection.java:1204)
	at oracle.jdbc.driver.PhysicalConnection.connect(PhysicalConnection.java:1189)
	at oracle.jdbc.driver.T4CDriverExtension.getConnection(T4CDriverExtension.java:106)
	at oracle.jdbc.driver.OracleDriver.connect(OracleDriver.java:887)
	at oracle.jdbc.driver.OracleDriver.connect(OracleDriver.java:694)
	at com.zaxxer.hikari.util.DriverDataSource.getConnection(DriverDataSource.java:144)
	at com.zaxxer.hikari.pool.PoolBase.newConnection(PoolBase.java:370)
	at com.zaxxer.hikari.pool.PoolBase.newPoolEntry(PoolBase.java:207)
	at com.zaxxer.hikari.pool.HikariPool.createPoolEntry(HikariPool.java:488)
	at com.zaxxer.hikari.pool.HikariPool.checkFailFast(HikariPool.java:576)
	... 70 common frames omitted
Caused by: oracle.net.ns.NetException: ORA-17868: Unknown host specified.: oracle: Temporary failure in name resolution
https://docs.oracle.com/error-help/db/ora-17868/
	at oracle.net.resolver.AddrResolution.resolveAddrTree(AddrResolution.java:1169)
	at oracle.net.resolver.AddrResolution.resolveTNSAddress(AddrResolution.java:948)
	at oracle.net.resolver.AddrResolution.initConnStrategy(AddrResolution.java:643)
	at oracle.net.resolver.AddrResolution.<init>(AddrResolution.java:458)
	at oracle.net.ns.NSProtocol.<init>(NSProtocol.java:248)
	at oracle.net.ns.NSProtocolNIO.<init>(NSProtocolNIO.java:149)
	at oracle.jdbc.driver.T4CConnection.logon(T4CConnection.java:1067)
	... 79 common frames omitted
2025-11-18 08:25:31 - Starting TpcmSchedulerApplication v1.0 using Java 25.0.1 with PID 1 (/app/app.jar started by root in /app)
2025-11-18 08:25:31 - The following 1 profile is active: "docker"
2025-11-18 08:25:32 - Tomcat initialized with port 7000 (http)
2025-11-18 08:25:32 - Initializing ProtocolHandler ["http-nio-7000"]
2025-11-18 08:25:32 - Starting service [Tomcat]
2025-11-18 08:25:32 - Starting Servlet engine: [Apache Tomcat/10.1.48]
2025-11-18 08:25:32 - Initializing Spring embedded WebApplicationContext
2025-11-18 08:25:32 - Root WebApplicationContext: initialization completed in 1040 ms
2025-11-18 08:25:32 - HikariPool-scheduler-app - Starting...
2025-11-18 08:25:41 - Exception encountered during context initialization - cancelling refresh attempt: org.springframework.beans.factory.UnsatisfiedDependencyException: Error creating bean with name 'databaseScheduler' defined in URL [jar:nested:/app/app.jar/!BOOT-INF/classes/!/com/example/tpcmscheduler/service/DatabaseScheduler.class]: Unsatisfied dependency expressed through constructor parameter 0: Error creating bean with name 'dataSourceScriptDatabaseInitializer' defined in class path resource [org/springframework/boot/autoconfigure/sql/init/DataSourceInitializationConfiguration.class]: Unsatisfied dependency expressed through method 'dataSourceScriptDatabaseInitializer' parameter 0: Error creating bean with name 'appDs' defined in class path resource [com/example/tpcmscheduler/config/AppDataSourceConfig.class]: Failed to instantiate [javax.sql.DataSource]: Factory method 'appDataSource' threw exception with message: Failed to initialize pool: ORA-17868: Unknown host specified.: oracle: Temporary failure in name resolution
https://docs.oracle.com/error-help/db/ora-17868/
2025-11-18 08:25:41 - Stopping service [Tomcat]
2025-11-18 08:25:41 - 

Error starting ApplicationContext. To display the condition evaluation report re-run your application with 'debug' enabled.
2025-11-18 08:25:41 - Application run failed
org.springframework.beans.factory.UnsatisfiedDependencyException: Error creating bean with name 'databaseScheduler' defined in URL [jar:nested:/app/app.jar/!BOOT-INF/classes/!/com/example/tpcmscheduler/service/DatabaseScheduler.class]: Unsatisfied dependency expressed through constructor parameter 0: Error creating bean with name 'dataSourceScriptDatabaseInitializer' defined in class path resource [org/springframework/boot/autoconfigure/sql/init/DataSourceInitializationConfiguration.class]: Unsatisfied dependency expressed through method 'dataSourceScriptDatabaseInitializer' parameter 0: Error creating bean with name 'appDs' defined in class path resource [com/example/tpcmscheduler/config/AppDataSourceConfig.class]: Failed to instantiate [javax.sql.DataSource]: Factory method 'appDataSource' threw exception with message: Failed to initialize pool: ORA-17868: Unknown host specified.: oracle: Temporary failure in name resolution
https://docs.oracle.com/error-help/db/ora-17868/
	at org.springframework.beans.factory.support.ConstructorResolver.createArgumentArray(ConstructorResolver.java:804)
	at org.springframework.beans.factory.support.ConstructorResolver.autowireConstructor(ConstructorResolver.java:240)
	at org.springframework.beans.factory.support.AbstractAutowireCapableBeanFactory.autowireConstructor(AbstractAutowireCapableBeanFactory.java:1395)
	at org.springframework.beans.factory.support.AbstractAutowireCapableBeanFactory.createBeanInstance(AbstractAutowireCapableBeanFactory.java:1232)
	at org.springframework.beans.factory.support.AbstractAutowireCapableBeanFactory.doCreateBean(AbstractAutowireCapableBeanFactory.java:569)
	at org.springframework.beans.factory.support.AbstractAutowireCapableBeanFactory.createBean(AbstractAutowireCapableBeanFactory.java:529)
	at org.springframework.beans.factory.support.AbstractBeanFactory.lambda$doGetBean$0(AbstractBeanFactory.java:339)
	at org.springframework.beans.factory.support.DefaultSingletonBeanRegistry.getSingleton(DefaultSingletonBeanRegistry.java:373)
	at org.springframework.beans.factory.support.AbstractBeanFactory.doGetBean(AbstractBeanFactory.java:337)
	at org.springframework.beans.factory.support.AbstractBeanFactory.getBean(AbstractBeanFactory.java:202)
	at org.springframework.beans.factory.support.DefaultListableBeanFactory.instantiateSingleton(DefaultListableBeanFactory.java:1228)
	at org.springframework.beans.factory.support.DefaultListableBeanFactory.preInstantiateSingleton(DefaultListableBeanFactory.java:1194)
	at org.springframework.beans.factory.support.DefaultListableBeanFactory.preInstantiateSingletons(DefaultListableBeanFactory.java:1130)
	at org.springframework.context.support.AbstractApplicationContext.finishBeanFactoryInitialization(AbstractApplicationContext.java:990)
	at org.springframework.context.support.AbstractApplicationContext.refresh(AbstractApplicationContext.java:627)
	at org.springframework.boot.web.servlet.context.ServletWebServerApplicationContext.refresh(ServletWebServerApplicationContext.java:146)
	at org.springframework.boot.SpringApplication.refresh(SpringApplication.java:752)
	at org.springframework.boot.SpringApplication.refreshContext(SpringApplication.java:439)
	at org.springframework.boot.SpringApplication.run(SpringApplication.java:318)
	at org.springframework.boot.SpringApplication.run(SpringApplication.java:1361)
	at org.springframework.boot.SpringApplication.run(SpringApplication.java:1350)
	at com.example.tpcmscheduler.TpcmSchedulerApplication.main(TpcmSchedulerApplication.java:12)
	at java.base/jdk.internal.reflect.DirectMethodHandleAccessor.invoke(DirectMethodHandleAccessor.java:104)
	at java.base/java.lang.reflect.Method.invoke(Method.java:565)
	at org.springframework.boot.loader.launch.Launcher.launch(Launcher.java:106)
	at org.springframework.boot.loader.launch.Launcher.launch(Launcher.java:64)
	at org.springframework.boot.loader.launch.JarLauncher.main(JarLauncher.java:40)
Caused by: org.springframework.beans.factory.UnsatisfiedDependencyException: Error creating bean with name 'dataSourceScriptDatabaseInitializer' defined in class path resource [org/springframework/boot/autoconfigure/sql/init/DataSourceInitializationConfiguration.class]: Unsatisfied dependency expressed through method 'dataSourceScriptDatabaseInitializer' parameter 0: Error creating bean with name 'appDs' defined in class path resource [com/example/tpcmscheduler/config/AppDataSourceConfig.class]: Failed to instantiate [javax.sql.DataSource]: Factory method 'appDataSource' threw exception with message: Failed to initialize pool: ORA-17868: Unknown host specified.: oracle: Temporary failure in name resolution
https://docs.oracle.com/error-help/db/ora-17868/
	at org.springframework.beans.factory.support.ConstructorResolver.createArgumentArray(ConstructorResolver.java:804)
	at org.springframework.beans.factory.support.ConstructorResolver.instantiateUsingFactoryMethod(ConstructorResolver.java:546)
	at org.springframework.beans.factory.support.AbstractAutowireCapableBeanFactory.instantiateUsingFactoryMethod(AbstractAutowireCapableBeanFactory.java:1375)
	at org.springframework.beans.factory.support.AbstractAutowireCapableBeanFactory.createBeanInstance(AbstractAutowireCapableBeanFactory.java:1205)
	at org.springframework.beans.factory.support.AbstractAutowireCapableBeanFactory.doCreateBean(AbstractAutowireCapableBeanFactory.java:569)
	at org.springframework.beans.factory.support.AbstractAutowireCapableBeanFactory.createBean(AbstractAutowireCapableBeanFactory.java:529)
	at org.springframework.beans.factory.support.AbstractBeanFactory.lambda$doGetBean$0(AbstractBeanFactory.java:339)
	at org.springframework.beans.factory.support.DefaultSingletonBeanRegistry.getSingleton(DefaultSingletonBeanRegistry.java:373)
	at org.springframework.beans.factory.support.AbstractBeanFactory.doGetBean(AbstractBeanFactory.java:337)
	at org.springframework.beans.factory.support.AbstractBeanFactory.getBean(AbstractBeanFactory.java:202)
	at org.springframework.beans.factory.support.AbstractBeanFactory.doGetBean(AbstractBeanFactory.java:315)
	at org.springframework.beans.factory.support.AbstractBeanFactory.getBean(AbstractBeanFactory.java:202)
	at org.springframework.beans.factory.support.DefaultListableBeanFactory.doResolveDependency(DefaultListableBeanFactory.java:1708)
	at org.springframework.beans.factory.support.DefaultListableBeanFactory.resolveDependency(DefaultListableBeanFactory.java:1653)
	at org.springframework.beans.factory.support.ConstructorResolver.resolveAutowiredArgument(ConstructorResolver.java:913)
	at org.springframework.beans.factory.support.ConstructorResolver.createArgumentArray(ConstructorResolver.java:791)
	... 26 common frames omitted
Caused by: org.springframework.beans.factory.BeanCreationException: Error creating bean with name 'appDs' defined in class path resource [com/example/tpcmscheduler/config/AppDataSourceConfig.class]: Failed to instantiate [javax.sql.DataSource]: Factory method 'appDataSource' threw exception with message: Failed to initialize pool: ORA-17868: Unknown host specified.: oracle: Temporary failure in name resolution
https://docs.oracle.com/error-help/db/ora-17868/
	at org.springframework.beans.factory.support.ConstructorResolver.instantiate(ConstructorResolver.java:657)
	at org.springframework.beans.factory.support.ConstructorResolver.instantiateUsingFactoryMethod(ConstructorResolver.java:489)
	at org.springframework.beans.factory.support.AbstractAutowireCapableBeanFactory.instantiateUsingFactoryMethod(AbstractAutowireCapableBeanFactory.java:1375)
	at org.springframework.beans.factory.support.AbstractAutowireCapableBeanFactory.createBeanInstance(AbstractAutowireCapableBeanFactory.java:1205)
	at org.springframework.beans.factory.support.AbstractAutowireCapableBeanFactory.doCreateBean(AbstractAutowireCapableBeanFactory.java:569)
	at org.springframework.beans.factory.support.AbstractAutowireCapableBeanFactory.createBean(AbstractAutowireCapableBeanFactory.java:529)
	at org.springframework.beans.factory.support.AbstractBeanFactory.lambda$doGetBean$0(AbstractBeanFactory.java:339)
	at org.springframework.beans.factory.support.DefaultSingletonBeanRegistry.getSingleton(DefaultSingletonBeanRegistry.java:373)
	at org.springframework.beans.factory.support.AbstractBeanFactory.doGetBean(AbstractBeanFactory.java:337)
	at org.springframework.beans.factory.support.AbstractBeanFactory.getBean(AbstractBeanFactory.java:202)
	at org.springframework.beans.factory.config.DependencyDescriptor.resolveCandidate(DependencyDescriptor.java:254)
	at org.springframework.beans.factory.support.DefaultListableBeanFactory.doResolveDependency(DefaultListableBeanFactory.java:1770)
	at org.springframework.beans.factory.support.DefaultListableBeanFactory.resolveDependency(DefaultListableBeanFactory.java:1653)
	at org.springframework.beans.factory.support.ConstructorResolver.resolveAutowiredArgument(ConstructorResolver.java:913)
	at org.springframework.beans.factory.support.ConstructorResolver.createArgumentArray(ConstructorResolver.java:791)
	... 41 common frames omitted
Caused by: org.springframework.beans.BeanInstantiationException: Failed to instantiate [javax.sql.DataSource]: Factory method 'appDataSource' threw exception with message: Failed to initialize pool: ORA-17868: Unknown host specified.: oracle: Temporary failure in name resolution
https://docs.oracle.com/error-help/db/ora-17868/
	at org.springframework.beans.factory.support.SimpleInstantiationStrategy.lambda$instantiate$0(SimpleInstantiationStrategy.java:200)
	at org.springframework.beans.factory.support.SimpleInstantiationStrategy.instantiateWithFactoryMethod(SimpleInstantiationStrategy.java:89)
	at org.springframework.beans.factory.support.SimpleInstantiationStrategy.instantiate(SimpleInstantiationStrategy.java:169)
	at org.springframework.beans.factory.support.ConstructorResolver.instantiate(ConstructorResolver.java:653)
	... 55 common frames omitted
Caused by: com.zaxxer.hikari.pool.HikariPool$PoolInitializationException: Failed to initialize pool: ORA-17868: Unknown host specified.: oracle: Temporary failure in name resolution
https://docs.oracle.com/error-help/db/ora-17868/
	at com.zaxxer.hikari.pool.HikariPool.throwPoolInitializationException(HikariPool.java:610)
	at com.zaxxer.hikari.pool.HikariPool.checkFailFast(HikariPool.java:597)
	at com.zaxxer.hikari.pool.HikariPool.<init>(HikariPool.java:97)
	at com.zaxxer.hikari.HikariDataSource.<init>(HikariDataSource.java:80)
	at com.example.tpcmscheduler.util.DataSourceUtil.createHikariDataSource(DataSourceUtil.java:28)
	at com.example.tpcmscheduler.config.AppDataSourceConfig.appDataSource(AppDataSourceConfig.java:42)
	at com.example.tpcmscheduler.config.AppDataSourceConfig$$SpringCGLIB$$0.CGLIB$appDataSource$1(<generated>)
	at com.example.tpcmscheduler.config.AppDataSourceConfig$$SpringCGLIB$$FastClass$$1.invoke(<generated>)
	at org.springframework.cglib.proxy.MethodProxy.invokeSuper(MethodProxy.java:258)
	at org.springframework.context.annotation.ConfigurationClassEnhancer$BeanMethodInterceptor.intercept(ConfigurationClassEnhancer.java:400)
	at com.example.tpcmscheduler.config.AppDataSourceConfig$$SpringCGLIB$$0.appDataSource(<generated>)
	at java.base/jdk.internal.reflect.DirectMethodHandleAccessor.invoke(DirectMethodHandleAccessor.java:104)
	at java.base/java.lang.reflect.Method.invoke(Method.java:565)
	at org.springframework.beans.factory.support.SimpleInstantiationStrategy.lambda$instantiate$0(SimpleInstantiationStrategy.java:172)
	... 58 common frames omitted
Caused by: java.sql.SQLException: ORA-17868: Unknown host specified.: oracle: Temporary failure in name resolution
https://docs.oracle.com/error-help/db/ora-17868/
	at oracle.jdbc.driver.T4CConnection.handleLogonNetException(T4CConnection.java:1853)
	at oracle.jdbc.driver.T4CConnection.logon(T4CConnection.java:1204)
	at oracle.jdbc.driver.PhysicalConnection.connect(PhysicalConnection.java:1189)
	at oracle.jdbc.driver.T4CDriverExtension.getConnection(T4CDriverExtension.java:106)
	at oracle.jdbc.driver.OracleDriver.connect(OracleDriver.java:887)
	at oracle.jdbc.driver.OracleDriver.connect(OracleDriver.java:694)
	at com.zaxxer.hikari.util.DriverDataSource.getConnection(DriverDataSource.java:144)
	at com.zaxxer.hikari.pool.PoolBase.newConnection(PoolBase.java:370)
	at com.zaxxer.hikari.pool.PoolBase.newPoolEntry(PoolBase.java:207)
	at com.zaxxer.hikari.pool.HikariPool.createPoolEntry(HikariPool.java:488)
	at com.zaxxer.hikari.pool.HikariPool.checkFailFast(HikariPool.java:576)
	... 70 common frames omitted
Caused by: oracle.net.ns.NetException: ORA-17868: Unknown host specified.: oracle: Temporary failure in name resolution
https://docs.oracle.com/error-help/db/ora-17868/
	at oracle.net.resolver.AddrResolution.resolveAddrTree(AddrResolution.java:1169)
	at oracle.net.resolver.AddrResolution.resolveTNSAddress(AddrResolution.java:948)
	at oracle.net.resolver.AddrResolution.initConnStrategy(AddrResolution.java:643)
	at oracle.net.resolver.AddrResolution.<init>(AddrResolution.java:458)
	at oracle.net.ns.NSProtocol.<init>(NSProtocol.java:248)
	at oracle.net.ns.NSProtocolNIO.<init>(NSProtocolNIO.java:149)
	at oracle.jdbc.driver.T4CConnection.logon(T4CConnection.java:1067)
	... 79 common frames omitted
2025-11-18 08:25:43 - Starting TpcmSchedulerApplication v1.0 using Java 25.0.1 with PID 1 (/app/app.jar started by root in /app)
2025-11-18 08:25:43 - The following 1 profile is active: "docker"
2025-11-18 08:25:44 - Tomcat initialized with port 7000 (http)
2025-11-18 08:25:44 - Initializing ProtocolHandler ["http-nio-7000"]
2025-11-18 08:25:44 - Starting service [Tomcat]
2025-11-18 08:25:44 - Starting Servlet engine: [Apache Tomcat/10.1.48]
2025-11-18 08:25:44 - Initializing Spring embedded WebApplicationContext
2025-11-18 08:25:44 - Root WebApplicationContext: initialization completed in 1026 ms
2025-11-18 08:25:44 - HikariPool-scheduler-app - Starting...
2025-11-18 08:25:53 - Exception encountered during context initialization - cancelling refresh attempt: org.springframework.beans.factory.UnsatisfiedDependencyException: Error creating bean with name 'databaseScheduler' defined in URL [jar:nested:/app/app.jar/!BOOT-INF/classes/!/com/example/tpcmscheduler/service/DatabaseScheduler.class]: Unsatisfied dependency expressed through constructor parameter 0: Error creating bean with name 'dataSourceScriptDatabaseInitializer' defined in class path resource [org/springframework/boot/autoconfigure/sql/init/DataSourceInitializationConfiguration.class]: Unsatisfied dependency expressed through method 'dataSourceScriptDatabaseInitializer' parameter 0: Error creating bean with name 'appDs' defined in class path resource [com/example/tpcmscheduler/config/AppDataSourceConfig.class]: Failed to instantiate [javax.sql.DataSource]: Factory method 'appDataSource' threw exception with message: Failed to initialize pool: ORA-17868: Unknown host specified.: oracle: Temporary failure in name resolution
https://docs.oracle.com/error-help/db/ora-17868/
2025-11-18 08:25:53 - Stopping service [Tomcat]
2025-11-18 08:25:53 - 

Error starting ApplicationContext. To display the condition evaluation report re-run your application with 'debug' enabled.
2025-11-18 08:25:53 - Application run failed
org.springframework.beans.factory.UnsatisfiedDependencyException: Error creating bean with name 'databaseScheduler' defined in URL [jar:nested:/app/app.jar/!BOOT-INF/classes/!/com/example/tpcmscheduler/service/DatabaseScheduler.class]: Unsatisfied dependency expressed through constructor parameter 0: Error creating bean with name 'dataSourceScriptDatabaseInitializer' defined in class path resource [org/springframework/boot/autoconfigure/sql/init/DataSourceInitializationConfiguration.class]: Unsatisfied dependency expressed through method 'dataSourceScriptDatabaseInitializer' parameter 0: Error creating bean with name 'appDs' defined in class path resource [com/example/tpcmscheduler/config/AppDataSourceConfig.class]: Failed to instantiate [javax.sql.DataSource]: Factory method 'appDataSource' threw exception with message: Failed to initialize pool: ORA-17868: Unknown host specified.: oracle: Temporary failure in name resolution
https://docs.oracle.com/error-help/db/ora-17868/
	at org.springframework.beans.factory.support.ConstructorResolver.createArgumentArray(ConstructorResolver.java:804)
	at org.springframework.beans.factory.support.ConstructorResolver.autowireConstructor(ConstructorResolver.java:240)
	at org.springframework.beans.factory.support.AbstractAutowireCapableBeanFactory.autowireConstructor(AbstractAutowireCapableBeanFactory.java:1395)
	at org.springframework.beans.factory.support.AbstractAutowireCapableBeanFactory.createBeanInstance(AbstractAutowireCapableBeanFactory.java:1232)
	at org.springframework.beans.factory.support.AbstractAutowireCapableBeanFactory.doCreateBean(AbstractAutowireCapableBeanFactory.java:569)
	at org.springframework.beans.factory.support.AbstractAutowireCapableBeanFactory.createBean(AbstractAutowireCapableBeanFactory.java:529)
	at org.springframework.beans.factory.support.AbstractBeanFactory.lambda$doGetBean$0(AbstractBeanFactory.java:339)
	at org.springframework.beans.factory.support.DefaultSingletonBeanRegistry.getSingleton(DefaultSingletonBeanRegistry.java:373)
	at org.springframework.beans.factory.support.AbstractBeanFactory.doGetBean(AbstractBeanFactory.java:337)
	at org.springframework.beans.factory.support.AbstractBeanFactory.getBean(AbstractBeanFactory.java:202)
	at org.springframework.beans.factory.support.DefaultListableBeanFactory.instantiateSingleton(DefaultListableBeanFactory.java:1228)
	at org.springframework.beans.factory.support.DefaultListableBeanFactory.preInstantiateSingleton(DefaultListableBeanFactory.java:1194)
	at org.springframework.beans.factory.support.DefaultListableBeanFactory.preInstantiateSingletons(DefaultListableBeanFactory.java:1130)
	at org.springframework.context.support.AbstractApplicationContext.finishBeanFactoryInitialization(AbstractApplicationContext.java:990)
	at org.springframework.context.support.AbstractApplicationContext.refresh(AbstractApplicationContext.java:627)
	at org.springframework.boot.web.servlet.context.ServletWebServerApplicationContext.refresh(ServletWebServerApplicationContext.java:146)
	at org.springframework.boot.SpringApplication.refresh(SpringApplication.java:752)
	at org.springframework.boot.SpringApplication.refreshContext(SpringApplication.java:439)
	at org.springframework.boot.SpringApplication.run(SpringApplication.java:318)
	at org.springframework.boot.SpringApplication.run(SpringApplication.java:1361)
	at org.springframework.boot.SpringApplication.run(SpringApplication.java:1350)
	at com.example.tpcmscheduler.TpcmSchedulerApplication.main(TpcmSchedulerApplication.java:12)
	at java.base/jdk.internal.reflect.DirectMethodHandleAccessor.invoke(DirectMethodHandleAccessor.java:104)
	at java.base/java.lang.reflect.Method.invoke(Method.java:565)
	at org.springframework.boot.loader.launch.Launcher.launch(Launcher.java:106)
	at org.springframework.boot.loader.launch.Launcher.launch(Launcher.java:64)
	at org.springframework.boot.loader.launch.JarLauncher.main(JarLauncher.java:40)
Caused by: org.springframework.beans.factory.UnsatisfiedDependencyException: Error creating bean with name 'dataSourceScriptDatabaseInitializer' defined in class path resource [org/springframework/boot/autoconfigure/sql/init/DataSourceInitializationConfiguration.class]: Unsatisfied dependency expressed through method 'dataSourceScriptDatabaseInitializer' parameter 0: Error creating bean with name 'appDs' defined in class path resource [com/example/tpcmscheduler/config/AppDataSourceConfig.class]: Failed to instantiate [javax.sql.DataSource]: Factory method 'appDataSource' threw exception with message: Failed to initialize pool: ORA-17868: Unknown host specified.: oracle: Temporary failure in name resolution
https://docs.oracle.com/error-help/db/ora-17868/
	at org.springframework.beans.factory.support.ConstructorResolver.createArgumentArray(ConstructorResolver.java:804)
	at org.springframework.beans.factory.support.ConstructorResolver.instantiateUsingFactoryMethod(ConstructorResolver.java:546)
	at org.springframework.beans.factory.support.AbstractAutowireCapableBeanFactory.instantiateUsingFactoryMethod(AbstractAutowireCapableBeanFactory.java:1375)
	at org.springframework.beans.factory.support.AbstractAutowireCapableBeanFactory.createBeanInstance(AbstractAutowireCapableBeanFactory.java:1205)
	at org.springframework.beans.factory.support.AbstractAutowireCapableBeanFactory.doCreateBean(AbstractAutowireCapableBeanFactory.java:569)
	at org.springframework.beans.factory.support.AbstractAutowireCapableBeanFactory.createBean(AbstractAutowireCapableBeanFactory.java:529)
	at org.springframework.beans.factory.support.AbstractBeanFactory.lambda$doGetBean$0(AbstractBeanFactory.java:339)
	at org.springframework.beans.factory.support.DefaultSingletonBeanRegistry.getSingleton(DefaultSingletonBeanRegistry.java:373)
	at org.springframework.beans.factory.support.AbstractBeanFactory.doGetBean(AbstractBeanFactory.java:337)
	at org.springframework.beans.factory.support.AbstractBeanFactory.getBean(AbstractBeanFactory.java:202)
	at org.springframework.beans.factory.support.AbstractBeanFactory.doGetBean(AbstractBeanFactory.java:315)
	at org.springframework.beans.factory.support.AbstractBeanFactory.getBean(AbstractBeanFactory.java:202)
	at org.springframework.beans.factory.support.DefaultListableBeanFactory.doResolveDependency(DefaultListableBeanFactory.java:1708)
	at org.springframework.beans.factory.support.DefaultListableBeanFactory.resolveDependency(DefaultListableBeanFactory.java:1653)
	at org.springframework.beans.factory.support.ConstructorResolver.resolveAutowiredArgument(ConstructorResolver.java:913)
	at org.springframework.beans.factory.support.ConstructorResolver.createArgumentArray(ConstructorResolver.java:791)
	... 26 common frames omitted
Caused by: org.springframework.beans.factory.BeanCreationException: Error creating bean with name 'appDs' defined in class path resource [com/example/tpcmscheduler/config/AppDataSourceConfig.class]: Failed to instantiate [javax.sql.DataSource]: Factory method 'appDataSource' threw exception with message: Failed to initialize pool: ORA-17868: Unknown host specified.: oracle: Temporary failure in name resolution
https://docs.oracle.com/error-help/db/ora-17868/
	at org.springframework.beans.factory.support.ConstructorResolver.instantiate(ConstructorResolver.java:657)
	at org.springframework.beans.factory.support.ConstructorResolver.instantiateUsingFactoryMethod(ConstructorResolver.java:489)
	at org.springframework.beans.factory.support.AbstractAutowireCapableBeanFactory.instantiateUsingFactoryMethod(AbstractAutowireCapableBeanFactory.java:1375)
	at org.springframework.beans.factory.support.AbstractAutowireCapableBeanFactory.createBeanInstance(AbstractAutowireCapableBeanFactory.java:1205)
	at org.springframework.beans.factory.support.AbstractAutowireCapableBeanFactory.doCreateBean(AbstractAutowireCapableBeanFactory.java:569)
	at org.springframework.beans.factory.support.AbstractAutowireCapableBeanFactory.createBean(AbstractAutowireCapableBeanFactory.java:529)
	at org.springframework.beans.factory.support.AbstractBeanFactory.lambda$doGetBean$0(AbstractBeanFactory.java:339)
	at org.springframework.beans.factory.support.DefaultSingletonBeanRegistry.getSingleton(DefaultSingletonBeanRegistry.java:373)
	at org.springframework.beans.factory.support.AbstractBeanFactory.doGetBean(AbstractBeanFactory.java:337)
	at org.springframework.beans.factory.support.AbstractBeanFactory.getBean(AbstractBeanFactory.java:202)
	at org.springframework.beans.factory.config.DependencyDescriptor.resolveCandidate(DependencyDescriptor.java:254)
	at org.springframework.beans.factory.support.DefaultListableBeanFactory.doResolveDependency(DefaultListableBeanFactory.java:1770)
	at org.springframework.beans.factory.support.DefaultListableBeanFactory.resolveDependency(DefaultListableBeanFactory.java:1653)
	at org.springframework.beans.factory.support.ConstructorResolver.resolveAutowiredArgument(ConstructorResolver.java:913)
	at org.springframework.beans.factory.support.ConstructorResolver.createArgumentArray(ConstructorResolver.java:791)
	... 41 common frames omitted
Caused by: org.springframework.beans.BeanInstantiationException: Failed to instantiate [javax.sql.DataSource]: Factory method 'appDataSource' threw exception with message: Failed to initialize pool: ORA-17868: Unknown host specified.: oracle: Temporary failure in name resolution
https://docs.oracle.com/error-help/db/ora-17868/
	at org.springframework.beans.factory.support.SimpleInstantiationStrategy.lambda$instantiate$0(SimpleInstantiationStrategy.java:200)
	at org.springframework.beans.factory.support.SimpleInstantiationStrategy.instantiateWithFactoryMethod(SimpleInstantiationStrategy.java:89)
	at org.springframework.beans.factory.support.SimpleInstantiationStrategy.instantiate(SimpleInstantiationStrategy.java:169)
	at org.springframework.beans.factory.support.ConstructorResolver.instantiate(ConstructorResolver.java:653)
	... 55 common frames omitted
Caused by: com.zaxxer.hikari.pool.HikariPool$PoolInitializationException: Failed to initialize pool: ORA-17868: Unknown host specified.: oracle: Temporary failure in name resolution
https://docs.oracle.com/error-help/db/ora-17868/
	at com.zaxxer.hikari.pool.HikariPool.throwPoolInitializationException(HikariPool.java:610)
	at com.zaxxer.hikari.pool.HikariPool.checkFailFast(HikariPool.java:597)
	at com.zaxxer.hikari.pool.HikariPool.<init>(HikariPool.java:97)
	at com.zaxxer.hikari.HikariDataSource.<init>(HikariDataSource.java:80)
	at com.example.tpcmscheduler.util.DataSourceUtil.createHikariDataSource(DataSourceUtil.java:28)
	at com.example.tpcmscheduler.config.AppDataSourceConfig.appDataSource(AppDataSourceConfig.java:42)
	at com.example.tpcmscheduler.config.AppDataSourceConfig$$SpringCGLIB$$0.CGLIB$appDataSource$1(<generated>)
	at com.example.tpcmscheduler.config.AppDataSourceConfig$$SpringCGLIB$$FastClass$$1.invoke(<generated>)
	at org.springframework.cglib.proxy.MethodProxy.invokeSuper(MethodProxy.java:258)
	at org.springframework.context.annotation.ConfigurationClassEnhancer$BeanMethodInterceptor.intercept(ConfigurationClassEnhancer.java:400)
	at com.example.tpcmscheduler.config.AppDataSourceConfig$$SpringCGLIB$$0.appDataSource(<generated>)
	at java.base/jdk.internal.reflect.DirectMethodHandleAccessor.invoke(DirectMethodHandleAccessor.java:104)
	at java.base/java.lang.reflect.Method.invoke(Method.java:565)
	at org.springframework.beans.factory.support.SimpleInstantiationStrategy.lambda$instantiate$0(SimpleInstantiationStrategy.java:172)
	... 58 common frames omitted
Caused by: java.sql.SQLException: ORA-17868: Unknown host specified.: oracle: Temporary failure in name resolution
https://docs.oracle.com/error-help/db/ora-17868/
	at oracle.jdbc.driver.T4CConnection.handleLogonNetException(T4CConnection.java:1853)
	at oracle.jdbc.driver.T4CConnection.logon(T4CConnection.java:1204)
	at oracle.jdbc.driver.PhysicalConnection.connect(PhysicalConnection.java:1189)
	at oracle.jdbc.driver.T4CDriverExtension.getConnection(T4CDriverExtension.java:106)
	at oracle.jdbc.driver.OracleDriver.connect(OracleDriver.java:887)
	at oracle.jdbc.driver.OracleDriver.connect(OracleDriver.java:694)
	at com.zaxxer.hikari.util.DriverDataSource.getConnection(DriverDataSource.java:144)
	at com.zaxxer.hikari.pool.PoolBase.newConnection(PoolBase.java:370)
	at com.zaxxer.hikari.pool.PoolBase.newPoolEntry(PoolBase.java:207)
	at com.zaxxer.hikari.pool.HikariPool.createPoolEntry(HikariPool.java:488)
	at com.zaxxer.hikari.pool.HikariPool.checkFailFast(HikariPool.java:576)
	... 70 common frames omitted
Caused by: oracle.net.ns.NetException: ORA-17868: Unknown host specified.: oracle: Temporary failure in name resolution
https://docs.oracle.com/error-help/db/ora-17868/
	at oracle.net.resolver.AddrResolution.resolveAddrTree(AddrResolution.java:1169)
	at oracle.net.resolver.AddrResolution.resolveTNSAddress(AddrResolution.java:948)
	at oracle.net.resolver.AddrResolution.initConnStrategy(AddrResolution.java:643)
	at oracle.net.resolver.AddrResolution.<init>(AddrResolution.java:458)
	at oracle.net.ns.NSProtocol.<init>(NSProtocol.java:248)
	at oracle.net.ns.NSProtocolNIO.<init>(NSProtocolNIO.java:149)
	at oracle.jdbc.driver.T4CConnection.logon(T4CConnection.java:1067)
	... 79 common frames omitted
2025-11-18 08:25:55 - Starting TpcmSchedulerApplication v1.0 using Java 25.0.1 with PID 1 (/app/app.jar started by root in /app)
2025-11-18 08:25:55 - The following 1 profile is active: "docker"
2025-11-18 08:25:56 - Tomcat initialized with port 7000 (http)
2025-11-18 08:25:56 - Initializing ProtocolHandler ["http-nio-7000"]
2025-11-18 08:25:56 - Starting service [Tomcat]
2025-11-18 08:25:56 - Starting Servlet engine: [Apache Tomcat/10.1.48]
2025-11-18 08:25:56 - Initializing Spring embedded WebApplicationContext
2025-11-18 08:25:56 - Root WebApplicationContext: initialization completed in 1037 ms
2025-11-18 08:25:56 - HikariPool-scheduler-app - Starting...
2025-11-18 08:26:05 - Exception encountered during context initialization - cancelling refresh attempt: org.springframework.beans.factory.UnsatisfiedDependencyException: Error creating bean with name 'databaseScheduler' defined in URL [jar:nested:/app/app.jar/!BOOT-INF/classes/!/com/example/tpcmscheduler/service/DatabaseScheduler.class]: Unsatisfied dependency expressed through constructor parameter 0: Error creating bean with name 'dataSourceScriptDatabaseInitializer' defined in class path resource [org/springframework/boot/autoconfigure/sql/init/DataSourceInitializationConfiguration.class]: Unsatisfied dependency expressed through method 'dataSourceScriptDatabaseInitializer' parameter 0: Error creating bean with name 'appDs' defined in class path resource [com/example/tpcmscheduler/config/AppDataSourceConfig.class]: Failed to instantiate [javax.sql.DataSource]: Factory method 'appDataSource' threw exception with message: Failed to initialize pool: ORA-17868: Unknown host specified.: oracle: Temporary failure in name resolution
https://docs.oracle.com/error-help/db/ora-17868/
2025-11-18 08:26:05 - Stopping service [Tomcat]
2025-11-18 08:26:05 - 

Error starting ApplicationContext. To display the condition evaluation report re-run your application with 'debug' enabled.
2025-11-18 08:26:05 - Application run failed
org.springframework.beans.factory.UnsatisfiedDependencyException: Error creating bean with name 'databaseScheduler' defined in URL [jar:nested:/app/app.jar/!BOOT-INF/classes/!/com/example/tpcmscheduler/service/DatabaseScheduler.class]: Unsatisfied dependency expressed through constructor parameter 0: Error creating bean with name 'dataSourceScriptDatabaseInitializer' defined in class path resource [org/springframework/boot/autoconfigure/sql/init/DataSourceInitializationConfiguration.class]: Unsatisfied dependency expressed through method 'dataSourceScriptDatabaseInitializer' parameter 0: Error creating bean with name 'appDs' defined in class path resource [com/example/tpcmscheduler/config/AppDataSourceConfig.class]: Failed to instantiate [javax.sql.DataSource]: Factory method 'appDataSource' threw exception with message: Failed to initialize pool: ORA-17868: Unknown host specified.: oracle: Temporary failure in name resolution
https://docs.oracle.com/error-help/db/ora-17868/
	at org.springframework.beans.factory.support.ConstructorResolver.createArgumentArray(ConstructorResolver.java:804)
	at org.springframework.beans.factory.support.ConstructorResolver.autowireConstructor(ConstructorResolver.java:240)
	at org.springframework.beans.factory.support.AbstractAutowireCapableBeanFactory.autowireConstructor(AbstractAutowireCapableBeanFactory.java:1395)
	at org.springframework.beans.factory.support.AbstractAutowireCapableBeanFactory.createBeanInstance(AbstractAutowireCapableBeanFactory.java:1232)
	at org.springframework.beans.factory.support.AbstractAutowireCapableBeanFactory.doCreateBean(AbstractAutowireCapableBeanFactory.java:569)
	at org.springframework.beans.factory.support.AbstractAutowireCapableBeanFactory.createBean(AbstractAutowireCapableBeanFactory.java:529)
	at org.springframework.beans.factory.support.AbstractBeanFactory.lambda$doGetBean$0(AbstractBeanFactory.java:339)
	at org.springframework.beans.factory.support.DefaultSingletonBeanRegistry.getSingleton(DefaultSingletonBeanRegistry.java:373)
	at org.springframework.beans.factory.support.AbstractBeanFactory.doGetBean(AbstractBeanFactory.java:337)
	at org.springframework.beans.factory.support.AbstractBeanFactory.getBean(AbstractBeanFactory.java:202)
	at org.springframework.beans.factory.support.DefaultListableBeanFactory.instantiateSingleton(DefaultListableBeanFactory.java:1228)
	at org.springframework.beans.factory.support.DefaultListableBeanFactory.preInstantiateSingleton(DefaultListableBeanFactory.java:1194)
	at org.springframework.beans.factory.support.DefaultListableBeanFactory.preInstantiateSingletons(DefaultListableBeanFactory.java:1130)
	at org.springframework.context.support.AbstractApplicationContext.finishBeanFactoryInitialization(AbstractApplicationContext.java:990)
	at org.springframework.context.support.AbstractApplicationContext.refresh(AbstractApplicationContext.java:627)
	at org.springframework.boot.web.servlet.context.ServletWebServerApplicationContext.refresh(ServletWebServerApplicationContext.java:146)
	at org.springframework.boot.SpringApplication.refresh(SpringApplication.java:752)
	at org.springframework.boot.SpringApplication.refreshContext(SpringApplication.java:439)
	at org.springframework.boot.SpringApplication.run(SpringApplication.java:318)
	at org.springframework.boot.SpringApplication.run(SpringApplication.java:1361)
	at org.springframework.boot.SpringApplication.run(SpringApplication.java:1350)
	at com.example.tpcmscheduler.TpcmSchedulerApplication.main(TpcmSchedulerApplication.java:12)
	at java.base/jdk.internal.reflect.DirectMethodHandleAccessor.invoke(DirectMethodHandleAccessor.java:104)
	at java.base/java.lang.reflect.Method.invoke(Method.java:565)
	at org.springframework.boot.loader.launch.Launcher.launch(Launcher.java:106)
	at org.springframework.boot.loader.launch.Launcher.launch(Launcher.java:64)
	at org.springframework.boot.loader.launch.JarLauncher.main(JarLauncher.java:40)
Caused by: org.springframework.beans.factory.UnsatisfiedDependencyException: Error creating bean with name 'dataSourceScriptDatabaseInitializer' defined in class path resource [org/springframework/boot/autoconfigure/sql/init/DataSourceInitializationConfiguration.class]: Unsatisfied dependency expressed through method 'dataSourceScriptDatabaseInitializer' parameter 0: Error creating bean with name 'appDs' defined in class path resource [com/example/tpcmscheduler/config/AppDataSourceConfig.class]: Failed to instantiate [javax.sql.DataSource]: Factory method 'appDataSource' threw exception with message: Failed to initialize pool: ORA-17868: Unknown host specified.: oracle: Temporary failure in name resolution
https://docs.oracle.com/error-help/db/ora-17868/
	at org.springframework.beans.factory.support.ConstructorResolver.createArgumentArray(ConstructorResolver.java:804)
	at org.springframework.beans.factory.support.ConstructorResolver.instantiateUsingFactoryMethod(ConstructorResolver.java:546)
	at org.springframework.beans.factory.support.AbstractAutowireCapableBeanFactory.instantiateUsingFactoryMethod(AbstractAutowireCapableBeanFactory.java:1375)
	at org.springframework.beans.factory.support.AbstractAutowireCapableBeanFactory.createBeanInstance(AbstractAutowireCapableBeanFactory.java:1205)
	at org.springframework.beans.factory.support.AbstractAutowireCapableBeanFactory.doCreateBean(AbstractAutowireCapableBeanFactory.java:569)
	at org.springframework.beans.factory.support.AbstractAutowireCapableBeanFactory.createBean(AbstractAutowireCapableBeanFactory.java:529)
	at org.springframework.beans.factory.support.AbstractBeanFactory.lambda$doGetBean$0(AbstractBeanFactory.java:339)
	at org.springframework.beans.factory.support.DefaultSingletonBeanRegistry.getSingleton(DefaultSingletonBeanRegistry.java:373)
	at org.springframework.beans.factory.support.AbstractBeanFactory.doGetBean(AbstractBeanFactory.java:337)
	at org.springframework.beans.factory.support.AbstractBeanFactory.getBean(AbstractBeanFactory.java:202)
	at org.springframework.beans.factory.support.AbstractBeanFactory.doGetBean(AbstractBeanFactory.java:315)
	at org.springframework.beans.factory.support.AbstractBeanFactory.getBean(AbstractBeanFactory.java:202)
	at org.springframework.beans.factory.support.DefaultListableBeanFactory.doResolveDependency(DefaultListableBeanFactory.java:1708)
	at org.springframework.beans.factory.support.DefaultListableBeanFactory.resolveDependency(DefaultListableBeanFactory.java:1653)
	at org.springframework.beans.factory.support.ConstructorResolver.resolveAutowiredArgument(ConstructorResolver.java:913)
	at org.springframework.beans.factory.support.ConstructorResolver.createArgumentArray(ConstructorResolver.java:791)
	... 26 common frames omitted
Caused by: org.springframework.beans.factory.BeanCreationException: Error creating bean with name 'appDs' defined in class path resource [com/example/tpcmscheduler/config/AppDataSourceConfig.class]: Failed to instantiate [javax.sql.DataSource]: Factory method 'appDataSource' threw exception with message: Failed to initialize pool: ORA-17868: Unknown host specified.: oracle: Temporary failure in name resolution
https://docs.oracle.com/error-help/db/ora-17868/
	at org.springframework.beans.factory.support.ConstructorResolver.instantiate(ConstructorResolver.java:657)
	at org.springframework.beans.factory.support.ConstructorResolver.instantiateUsingFactoryMethod(ConstructorResolver.java:489)
	at org.springframework.beans.factory.support.AbstractAutowireCapableBeanFactory.instantiateUsingFactoryMethod(AbstractAutowireCapableBeanFactory.java:1375)
	at org.springframework.beans.factory.support.AbstractAutowireCapableBeanFactory.createBeanInstance(AbstractAutowireCapableBeanFactory.java:1205)
	at org.springframework.beans.factory.support.AbstractAutowireCapableBeanFactory.doCreateBean(AbstractAutowireCapableBeanFactory.java:569)
	at org.springframework.beans.factory.support.AbstractAutowireCapableBeanFactory.createBean(AbstractAutowireCapableBeanFactory.java:529)
	at org.springframework.beans.factory.support.AbstractBeanFactory.lambda$doGetBean$0(AbstractBeanFactory.java:339)
	at org.springframework.beans.factory.support.DefaultSingletonBeanRegistry.getSingleton(DefaultSingletonBeanRegistry.java:373)
	at org.springframework.beans.factory.support.AbstractBeanFactory.doGetBean(AbstractBeanFactory.java:337)
	at org.springframework.beans.factory.support.AbstractBeanFactory.getBean(AbstractBeanFactory.java:202)
	at org.springframework.beans.factory.config.DependencyDescriptor.resolveCandidate(DependencyDescriptor.java:254)
	at org.springframework.beans.factory.support.DefaultListableBeanFactory.doResolveDependency(DefaultListableBeanFactory.java:1770)
	at org.springframework.beans.factory.support.DefaultListableBeanFactory.resolveDependency(DefaultListableBeanFactory.java:1653)
	at org.springframework.beans.factory.support.ConstructorResolver.resolveAutowiredArgument(ConstructorResolver.java:913)
	at org.springframework.beans.factory.support.ConstructorResolver.createArgumentArray(ConstructorResolver.java:791)
	... 41 common frames omitted
Caused by: org.springframework.beans.BeanInstantiationException: Failed to instantiate [javax.sql.DataSource]: Factory method 'appDataSource' threw exception with message: Failed to initialize pool: ORA-17868: Unknown host specified.: oracle: Temporary failure in name resolution
https://docs.oracle.com/error-help/db/ora-17868/
	at org.springframework.beans.factory.support.SimpleInstantiationStrategy.lambda$instantiate$0(SimpleInstantiationStrategy.java:200)
	at org.springframework.beans.factory.support.SimpleInstantiationStrategy.instantiateWithFactoryMethod(SimpleInstantiationStrategy.java:89)
	at org.springframework.beans.factory.support.SimpleInstantiationStrategy.instantiate(SimpleInstantiationStrategy.java:169)
	at org.springframework.beans.factory.support.ConstructorResolver.instantiate(ConstructorResolver.java:653)
	... 55 common frames omitted
Caused by: com.zaxxer.hikari.pool.HikariPool$PoolInitializationException: Failed to initialize pool: ORA-17868: Unknown host specified.: oracle: Temporary failure in name resolution
https://docs.oracle.com/error-help/db/ora-17868/
	at com.zaxxer.hikari.pool.HikariPool.throwPoolInitializationException(HikariPool.java:610)
	at com.zaxxer.hikari.pool.HikariPool.checkFailFast(HikariPool.java:597)
	at com.zaxxer.hikari.pool.HikariPool.<init>(HikariPool.java:97)
	at com.zaxxer.hikari.HikariDataSource.<init>(HikariDataSource.java:80)
	at com.example.tpcmscheduler.util.DataSourceUtil.createHikariDataSource(DataSourceUtil.java:28)
	at com.example.tpcmscheduler.config.AppDataSourceConfig.appDataSource(AppDataSourceConfig.java:42)
	at com.example.tpcmscheduler.config.AppDataSourceConfig$$SpringCGLIB$$0.CGLIB$appDataSource$1(<generated>)
	at com.example.tpcmscheduler.config.AppDataSourceConfig$$SpringCGLIB$$FastClass$$1.invoke(<generated>)
	at org.springframework.cglib.proxy.MethodProxy.invokeSuper(MethodProxy.java:258)
	at org.springframework.context.annotation.ConfigurationClassEnhancer$BeanMethodInterceptor.intercept(ConfigurationClassEnhancer.java:400)
	at com.example.tpcmscheduler.config.AppDataSourceConfig$$SpringCGLIB$$0.appDataSource(<generated>)
	at java.base/jdk.internal.reflect.DirectMethodHandleAccessor.invoke(DirectMethodHandleAccessor.java:104)
	at java.base/java.lang.reflect.Method.invoke(Method.java:565)
	at org.springframework.beans.factory.support.SimpleInstantiationStrategy.lambda$instantiate$0(SimpleInstantiationStrategy.java:172)
	... 58 common frames omitted
Caused by: java.sql.SQLException: ORA-17868: Unknown host specified.: oracle: Temporary failure in name resolution
https://docs.oracle.com/error-help/db/ora-17868/
	at oracle.jdbc.driver.T4CConnection.handleLogonNetException(T4CConnection.java:1853)
	at oracle.jdbc.driver.T4CConnection.logon(T4CConnection.java:1204)
	at oracle.jdbc.driver.PhysicalConnection.connect(PhysicalConnection.java:1189)
	at oracle.jdbc.driver.T4CDriverExtension.getConnection(T4CDriverExtension.java:106)
	at oracle.jdbc.driver.OracleDriver.connect(OracleDriver.java:887)
	at oracle.jdbc.driver.OracleDriver.connect(OracleDriver.java:694)
	at com.zaxxer.hikari.util.DriverDataSource.getConnection(DriverDataSource.java:144)
	at com.zaxxer.hikari.pool.PoolBase.newConnection(PoolBase.java:370)
	at com.zaxxer.hikari.pool.PoolBase.newPoolEntry(PoolBase.java:207)
	at com.zaxxer.hikari.pool.HikariPool.createPoolEntry(HikariPool.java:488)
	at com.zaxxer.hikari.pool.HikariPool.checkFailFast(HikariPool.java:576)
	... 70 common frames omitted
Caused by: oracle.net.ns.NetException: ORA-17868: Unknown host specified.: oracle: Temporary failure in name resolution
https://docs.oracle.com/error-help/db/ora-17868/
	at oracle.net.resolver.AddrResolution.resolveAddrTree(AddrResolution.java:1169)
	at oracle.net.resolver.AddrResolution.resolveTNSAddress(AddrResolution.java:948)
	at oracle.net.resolver.AddrResolution.initConnStrategy(AddrResolution.java:643)
	at oracle.net.resolver.AddrResolution.<init>(AddrResolution.java:458)
	at oracle.net.ns.NSProtocol.<init>(NSProtocol.java:248)
	at oracle.net.ns.NSProtocolNIO.<init>(NSProtocolNIO.java:149)
	at oracle.jdbc.driver.T4CConnection.logon(T4CConnection.java:1067)
	... 79 common frames omitted
2025-11-18 08:26:07 - Starting TpcmSchedulerApplication v1.0 using Java 25.0.1 with PID 1 (/app/app.jar started by root in /app)
2025-11-18 08:26:07 - The following 1 profile is active: "docker"
2025-11-18 08:26:08 - Tomcat initialized with port 7000 (http)
2025-11-18 08:26:08 - Initializing ProtocolHandler ["http-nio-7000"]
2025-11-18 08:26:08 - Starting service [Tomcat]
2025-11-18 08:26:08 - Starting Servlet engine: [Apache Tomcat/10.1.48]
2025-11-18 08:26:08 - Initializing Spring embedded WebApplicationContext
2025-11-18 08:26:08 - Root WebApplicationContext: initialization completed in 1075 ms
2025-11-18 08:26:08 - HikariPool-scheduler-app - Starting...
2025-11-18 08:26:17 - Exception encountered during context initialization - cancelling refresh attempt: org.springframework.beans.factory.UnsatisfiedDependencyException: Error creating bean with name 'databaseScheduler' defined in URL [jar:nested:/app/app.jar/!BOOT-INF/classes/!/com/example/tpcmscheduler/service/DatabaseScheduler.class]: Unsatisfied dependency expressed through constructor parameter 0: Error creating bean with name 'dataSourceScriptDatabaseInitializer' defined in class path resource [org/springframework/boot/autoconfigure/sql/init/DataSourceInitializationConfiguration.class]: Unsatisfied dependency expressed through method 'dataSourceScriptDatabaseInitializer' parameter 0: Error creating bean with name 'appDs' defined in class path resource [com/example/tpcmscheduler/config/AppDataSourceConfig.class]: Failed to instantiate [javax.sql.DataSource]: Factory method 'appDataSource' threw exception with message: Failed to initialize pool: ORA-17868: Unknown host specified.: oracle: Temporary failure in name resolution
https://docs.oracle.com/error-help/db/ora-17868/
2025-11-18 08:26:17 - Stopping service [Tomcat]
2025-11-18 08:26:17 - 

Error starting ApplicationContext. To display the condition evaluation report re-run your application with 'debug' enabled.
2025-11-18 08:26:17 - Application run failed
org.springframework.beans.factory.UnsatisfiedDependencyException: Error creating bean with name 'databaseScheduler' defined in URL [jar:nested:/app/app.jar/!BOOT-INF/classes/!/com/example/tpcmscheduler/service/DatabaseScheduler.class]: Unsatisfied dependency expressed through constructor parameter 0: Error creating bean with name 'dataSourceScriptDatabaseInitializer' defined in class path resource [org/springframework/boot/autoconfigure/sql/init/DataSourceInitializationConfiguration.class]: Unsatisfied dependency expressed through method 'dataSourceScriptDatabaseInitializer' parameter 0: Error creating bean with name 'appDs' defined in class path resource [com/example/tpcmscheduler/config/AppDataSourceConfig.class]: Failed to instantiate [javax.sql.DataSource]: Factory method 'appDataSource' threw exception with message: Failed to initialize pool: ORA-17868: Unknown host specified.: oracle: Temporary failure in name resolution
https://docs.oracle.com/error-help/db/ora-17868/
	at org.springframework.beans.factory.support.ConstructorResolver.createArgumentArray(ConstructorResolver.java:804)
	at org.springframework.beans.factory.support.ConstructorResolver.autowireConstructor(ConstructorResolver.java:240)
	at org.springframework.beans.factory.support.AbstractAutowireCapableBeanFactory.autowireConstructor(AbstractAutowireCapableBeanFactory.java:1395)
	at org.springframework.beans.factory.support.AbstractAutowireCapableBeanFactory.createBeanInstance(AbstractAutowireCapableBeanFactory.java:1232)
	at org.springframework.beans.factory.support.AbstractAutowireCapableBeanFactory.doCreateBean(AbstractAutowireCapableBeanFactory.java:569)
	at org.springframework.beans.factory.support.AbstractAutowireCapableBeanFactory.createBean(AbstractAutowireCapableBeanFactory.java:529)
	at org.springframework.beans.factory.support.AbstractBeanFactory.lambda$doGetBean$0(AbstractBeanFactory.java:339)
	at org.springframework.beans.factory.support.DefaultSingletonBeanRegistry.getSingleton(DefaultSingletonBeanRegistry.java:373)
	at org.springframework.beans.factory.support.AbstractBeanFactory.doGetBean(AbstractBeanFactory.java:337)
	at org.springframework.beans.factory.support.AbstractBeanFactory.getBean(AbstractBeanFactory.java:202)
	at org.springframework.beans.factory.support.DefaultListableBeanFactory.instantiateSingleton(DefaultListableBeanFactory.java:1228)
	at org.springframework.beans.factory.support.DefaultListableBeanFactory.preInstantiateSingleton(DefaultListableBeanFactory.java:1194)
	at org.springframework.beans.factory.support.DefaultListableBeanFactory.preInstantiateSingletons(DefaultListableBeanFactory.java:1130)
	at org.springframework.context.support.AbstractApplicationContext.finishBeanFactoryInitialization(AbstractApplicationContext.java:990)
	at org.springframework.context.support.AbstractApplicationContext.refresh(AbstractApplicationContext.java:627)
	at org.springframework.boot.web.servlet.context.ServletWebServerApplicationContext.refresh(ServletWebServerApplicationContext.java:146)
	at org.springframework.boot.SpringApplication.refresh(SpringApplication.java:752)
	at org.springframework.boot.SpringApplication.refreshContext(SpringApplication.java:439)
	at org.springframework.boot.SpringApplication.run(SpringApplication.java:318)
	at org.springframework.boot.SpringApplication.run(SpringApplication.java:1361)
	at org.springframework.boot.SpringApplication.run(SpringApplication.java:1350)
	at com.example.tpcmscheduler.TpcmSchedulerApplication.main(TpcmSchedulerApplication.java:12)
	at java.base/jdk.internal.reflect.DirectMethodHandleAccessor.invoke(DirectMethodHandleAccessor.java:104)
	at java.base/java.lang.reflect.Method.invoke(Method.java:565)
	at org.springframework.boot.loader.launch.Launcher.launch(Launcher.java:106)
	at org.springframework.boot.loader.launch.Launcher.launch(Launcher.java:64)
	at org.springframework.boot.loader.launch.JarLauncher.main(JarLauncher.java:40)
Caused by: org.springframework.beans.factory.UnsatisfiedDependencyException: Error creating bean with name 'dataSourceScriptDatabaseInitializer' defined in class path resource [org/springframework/boot/autoconfigure/sql/init/DataSourceInitializationConfiguration.class]: Unsatisfied dependency expressed through method 'dataSourceScriptDatabaseInitializer' parameter 0: Error creating bean with name 'appDs' defined in class path resource [com/example/tpcmscheduler/config/AppDataSourceConfig.class]: Failed to instantiate [javax.sql.DataSource]: Factory method 'appDataSource' threw exception with message: Failed to initialize pool: ORA-17868: Unknown host specified.: oracle: Temporary failure in name resolution
https://docs.oracle.com/error-help/db/ora-17868/
	at org.springframework.beans.factory.support.ConstructorResolver.createArgumentArray(ConstructorResolver.java:804)
	at org.springframework.beans.factory.support.ConstructorResolver.instantiateUsingFactoryMethod(ConstructorResolver.java:546)
	at org.springframework.beans.factory.support.AbstractAutowireCapableBeanFactory.instantiateUsingFactoryMethod(AbstractAutowireCapableBeanFactory.java:1375)
	at org.springframework.beans.factory.support.AbstractAutowireCapableBeanFactory.createBeanInstance(AbstractAutowireCapableBeanFactory.java:1205)
	at org.springframework.beans.factory.support.AbstractAutowireCapableBeanFactory.doCreateBean(AbstractAutowireCapableBeanFactory.java:569)
	at org.springframework.beans.factory.support.AbstractAutowireCapableBeanFactory.createBean(AbstractAutowireCapableBeanFactory.java:529)
	at org.springframework.beans.factory.support.AbstractBeanFactory.lambda$doGetBean$0(AbstractBeanFactory.java:339)
	at org.springframework.beans.factory.support.DefaultSingletonBeanRegistry.getSingleton(DefaultSingletonBeanRegistry.java:373)
	at org.springframework.beans.factory.support.AbstractBeanFactory.doGetBean(AbstractBeanFactory.java:337)
	at org.springframework.beans.factory.support.AbstractBeanFactory.getBean(AbstractBeanFactory.java:202)
	at org.springframework.beans.factory.support.AbstractBeanFactory.doGetBean(AbstractBeanFactory.java:315)
	at org.springframework.beans.factory.support.AbstractBeanFactory.getBean(AbstractBeanFactory.java:202)
	at org.springframework.beans.factory.support.DefaultListableBeanFactory.doResolveDependency(DefaultListableBeanFactory.java:1708)
	at org.springframework.beans.factory.support.DefaultListableBeanFactory.resolveDependency(DefaultListableBeanFactory.java:1653)
	at org.springframework.beans.factory.support.ConstructorResolver.resolveAutowiredArgument(ConstructorResolver.java:913)
	at org.springframework.beans.factory.support.ConstructorResolver.createArgumentArray(ConstructorResolver.java:791)
	... 26 common frames omitted
Caused by: org.springframework.beans.factory.BeanCreationException: Error creating bean with name 'appDs' defined in class path resource [com/example/tpcmscheduler/config/AppDataSourceConfig.class]: Failed to instantiate [javax.sql.DataSource]: Factory method 'appDataSource' threw exception with message: Failed to initialize pool: ORA-17868: Unknown host specified.: oracle: Temporary failure in name resolution
https://docs.oracle.com/error-help/db/ora-17868/
	at org.springframework.beans.factory.support.ConstructorResolver.instantiate(ConstructorResolver.java:657)
	at org.springframework.beans.factory.support.ConstructorResolver.instantiateUsingFactoryMethod(ConstructorResolver.java:489)
	at org.springframework.beans.factory.support.AbstractAutowireCapableBeanFactory.instantiateUsingFactoryMethod(AbstractAutowireCapableBeanFactory.java:1375)
	at org.springframework.beans.factory.support.AbstractAutowireCapableBeanFactory.createBeanInstance(AbstractAutowireCapableBeanFactory.java:1205)
	at org.springframework.beans.factory.support.AbstractAutowireCapableBeanFactory.doCreateBean(AbstractAutowireCapableBeanFactory.java:569)
	at org.springframework.beans.factory.support.AbstractAutowireCapableBeanFactory.createBean(AbstractAutowireCapableBeanFactory.java:529)
	at org.springframework.beans.factory.support.AbstractBeanFactory.lambda$doGetBean$0(AbstractBeanFactory.java:339)
	at org.springframework.beans.factory.support.DefaultSingletonBeanRegistry.getSingleton(DefaultSingletonBeanRegistry.java:373)
	at org.springframework.beans.factory.support.AbstractBeanFactory.doGetBean(AbstractBeanFactory.java:337)
	at org.springframework.beans.factory.support.AbstractBeanFactory.getBean(AbstractBeanFactory.java:202)
	at org.springframework.beans.factory.config.DependencyDescriptor.resolveCandidate(DependencyDescriptor.java:254)
	at org.springframework.beans.factory.support.DefaultListableBeanFactory.doResolveDependency(DefaultListableBeanFactory.java:1770)
	at org.springframework.beans.factory.support.DefaultListableBeanFactory.resolveDependency(DefaultListableBeanFactory.java:1653)
	at org.springframework.beans.factory.support.ConstructorResolver.resolveAutowiredArgument(ConstructorResolver.java:913)
	at org.springframework.beans.factory.support.ConstructorResolver.createArgumentArray(ConstructorResolver.java:791)
	... 41 common frames omitted
Caused by: org.springframework.beans.BeanInstantiationException: Failed to instantiate [javax.sql.DataSource]: Factory method 'appDataSource' threw exception with message: Failed to initialize pool: ORA-17868: Unknown host specified.: oracle: Temporary failure in name resolution
https://docs.oracle.com/error-help/db/ora-17868/
	at org.springframework.beans.factory.support.SimpleInstantiationStrategy.lambda$instantiate$0(SimpleInstantiationStrategy.java:200)
	at org.springframework.beans.factory.support.SimpleInstantiationStrategy.instantiateWithFactoryMethod(SimpleInstantiationStrategy.java:89)
	at org.springframework.beans.factory.support.SimpleInstantiationStrategy.instantiate(SimpleInstantiationStrategy.java:169)
	at org.springframework.beans.factory.support.ConstructorResolver.instantiate(ConstructorResolver.java:653)
	... 55 common frames omitted
Caused by: com.zaxxer.hikari.pool.HikariPool$PoolInitializationException: Failed to initialize pool: ORA-17868: Unknown host specified.: oracle: Temporary failure in name resolution
https://docs.oracle.com/error-help/db/ora-17868/
	at com.zaxxer.hikari.pool.HikariPool.throwPoolInitializationException(HikariPool.java:610)
	at com.zaxxer.hikari.pool.HikariPool.checkFailFast(HikariPool.java:597)
	at com.zaxxer.hikari.pool.HikariPool.<init>(HikariPool.java:97)
	at com.zaxxer.hikari.HikariDataSource.<init>(HikariDataSource.java:80)
	at com.example.tpcmscheduler.util.DataSourceUtil.createHikariDataSource(DataSourceUtil.java:28)
	at com.example.tpcmscheduler.config.AppDataSourceConfig.appDataSource(AppDataSourceConfig.java:42)
	at com.example.tpcmscheduler.config.AppDataSourceConfig$$SpringCGLIB$$0.CGLIB$appDataSource$1(<generated>)
	at com.example.tpcmscheduler.config.AppDataSourceConfig$$SpringCGLIB$$FastClass$$1.invoke(<generated>)
	at org.springframework.cglib.proxy.MethodProxy.invokeSuper(MethodProxy.java:258)
	at org.springframework.context.annotation.ConfigurationClassEnhancer$BeanMethodInterceptor.intercept(ConfigurationClassEnhancer.java:400)
	at com.example.tpcmscheduler.config.AppDataSourceConfig$$SpringCGLIB$$0.appDataSource(<generated>)
	at java.base/jdk.internal.reflect.DirectMethodHandleAccessor.invoke(DirectMethodHandleAccessor.java:104)
	at java.base/java.lang.reflect.Method.invoke(Method.java:565)
	at org.springframework.beans.factory.support.SimpleInstantiationStrategy.lambda$instantiate$0(SimpleInstantiationStrategy.java:172)
	... 58 common frames omitted
Caused by: java.sql.SQLException: ORA-17868: Unknown host specified.: oracle: Temporary failure in name resolution
https://docs.oracle.com/error-help/db/ora-17868/
	at oracle.jdbc.driver.T4CConnection.handleLogonNetException(T4CConnection.java:1853)
	at oracle.jdbc.driver.T4CConnection.logon(T4CConnection.java:1204)
	at oracle.jdbc.driver.PhysicalConnection.connect(PhysicalConnection.java:1189)
	at oracle.jdbc.driver.T4CDriverExtension.getConnection(T4CDriverExtension.java:106)
	at oracle.jdbc.driver.OracleDriver.connect(OracleDriver.java:887)
	at oracle.jdbc.driver.OracleDriver.connect(OracleDriver.java:694)
	at com.zaxxer.hikari.util.DriverDataSource.getConnection(DriverDataSource.java:144)
	at com.zaxxer.hikari.pool.PoolBase.newConnection(PoolBase.java:370)
	at com.zaxxer.hikari.pool.PoolBase.newPoolEntry(PoolBase.java:207)
	at com.zaxxer.hikari.pool.HikariPool.createPoolEntry(HikariPool.java:488)
	at com.zaxxer.hikari.pool.HikariPool.checkFailFast(HikariPool.java:576)
	... 70 common frames omitted
Caused by: oracle.net.ns.NetException: ORA-17868: Unknown host specified.: oracle: Temporary failure in name resolution
https://docs.oracle.com/error-help/db/ora-17868/
	at oracle.net.resolver.AddrResolution.resolveAddrTree(AddrResolution.java:1169)
	at oracle.net.resolver.AddrResolution.resolveTNSAddress(AddrResolution.java:948)
	at oracle.net.resolver.AddrResolution.initConnStrategy(AddrResolution.java:643)
	at oracle.net.resolver.AddrResolution.<init>(AddrResolution.java:458)
	at oracle.net.ns.NSProtocol.<init>(NSProtocol.java:248)
	at oracle.net.ns.NSProtocolNIO.<init>(NSProtocolNIO.java:149)
	at oracle.jdbc.driver.T4CConnection.logon(T4CConnection.java:1067)
	... 79 common frames omitted
2025-11-18 08:26:19 - Starting TpcmSchedulerApplication v1.0 using Java 25.0.1 with PID 1 (/app/app.jar started by root in /app)
2025-11-18 08:26:19 - The following 1 profile is active: "docker"
2025-11-18 08:26:20 - Tomcat initialized with port 7000 (http)
2025-11-18 08:26:20 - Initializing ProtocolHandler ["http-nio-7000"]
2025-11-18 08:26:20 - Starting service [Tomcat]
2025-11-18 08:26:20 - Starting Servlet engine: [Apache Tomcat/10.1.48]
2025-11-18 08:26:20 - Initializing Spring embedded WebApplicationContext
2025-11-18 08:26:20 - Root WebApplicationContext: initialization completed in 1023 ms
2025-11-18 08:26:20 - HikariPool-scheduler-app - Starting...
2025-11-18 08:26:29 - Exception encountered during context initialization - cancelling refresh attempt: org.springframework.beans.factory.UnsatisfiedDependencyException: Error creating bean with name 'databaseScheduler' defined in URL [jar:nested:/app/app.jar/!BOOT-INF/classes/!/com/example/tpcmscheduler/service/DatabaseScheduler.class]: Unsatisfied dependency expressed through constructor parameter 0: Error creating bean with name 'dataSourceScriptDatabaseInitializer' defined in class path resource [org/springframework/boot/autoconfigure/sql/init/DataSourceInitializationConfiguration.class]: Unsatisfied dependency expressed through method 'dataSourceScriptDatabaseInitializer' parameter 0: Error creating bean with name 'appDs' defined in class path resource [com/example/tpcmscheduler/config/AppDataSourceConfig.class]: Failed to instantiate [javax.sql.DataSource]: Factory method 'appDataSource' threw exception with message: Failed to initialize pool: ORA-17868: Unknown host specified.: oracle: Temporary failure in name resolution
https://docs.oracle.com/error-help/db/ora-17868/
2025-11-18 08:26:29 - Stopping service [Tomcat]
2025-11-18 08:26:29 - 

Error starting ApplicationContext. To display the condition evaluation report re-run your application with 'debug' enabled.
2025-11-18 08:26:29 - Application run failed
org.springframework.beans.factory.UnsatisfiedDependencyException: Error creating bean with name 'databaseScheduler' defined in URL [jar:nested:/app/app.jar/!BOOT-INF/classes/!/com/example/tpcmscheduler/service/DatabaseScheduler.class]: Unsatisfied dependency expressed through constructor parameter 0: Error creating bean with name 'dataSourceScriptDatabaseInitializer' defined in class path resource [org/springframework/boot/autoconfigure/sql/init/DataSourceInitializationConfiguration.class]: Unsatisfied dependency expressed through method 'dataSourceScriptDatabaseInitializer' parameter 0: Error creating bean with name 'appDs' defined in class path resource [com/example/tpcmscheduler/config/AppDataSourceConfig.class]: Failed to instantiate [javax.sql.DataSource]: Factory method 'appDataSource' threw exception with message: Failed to initialize pool: ORA-17868: Unknown host specified.: oracle: Temporary failure in name resolution
https://docs.oracle.com/error-help/db/ora-17868/
	at org.springframework.beans.factory.support.ConstructorResolver.createArgumentArray(ConstructorResolver.java:804)
	at org.springframework.beans.factory.support.ConstructorResolver.autowireConstructor(ConstructorResolver.java:240)
	at org.springframework.beans.factory.support.AbstractAutowireCapableBeanFactory.autowireConstructor(AbstractAutowireCapableBeanFactory.java:1395)
	at org.springframework.beans.factory.support.AbstractAutowireCapableBeanFactory.createBeanInstance(AbstractAutowireCapableBeanFactory.java:1232)
	at org.springframework.beans.factory.support.AbstractAutowireCapableBeanFactory.doCreateBean(AbstractAutowireCapableBeanFactory.java:569)
	at org.springframework.beans.factory.support.AbstractAutowireCapableBeanFactory.createBean(AbstractAutowireCapableBeanFactory.java:529)
	at org.springframework.beans.factory.support.AbstractBeanFactory.lambda$doGetBean$0(AbstractBeanFactory.java:339)
	at org.springframework.beans.factory.support.DefaultSingletonBeanRegistry.getSingleton(DefaultSingletonBeanRegistry.java:373)
	at org.springframework.beans.factory.support.AbstractBeanFactory.doGetBean(AbstractBeanFactory.java:337)
	at org.springframework.beans.factory.support.AbstractBeanFactory.getBean(AbstractBeanFactory.java:202)
	at org.springframework.beans.factory.support.DefaultListableBeanFactory.instantiateSingleton(DefaultListableBeanFactory.java:1228)
	at org.springframework.beans.factory.support.DefaultListableBeanFactory.preInstantiateSingleton(DefaultListableBeanFactory.java:1194)
	at org.springframework.beans.factory.support.DefaultListableBeanFactory.preInstantiateSingletons(DefaultListableBeanFactory.java:1130)
	at org.springframework.context.support.AbstractApplicationContext.finishBeanFactoryInitialization(AbstractApplicationContext.java:990)
	at org.springframework.context.support.AbstractApplicationContext.refresh(AbstractApplicationContext.java:627)
	at org.springframework.boot.web.servlet.context.ServletWebServerApplicationContext.refresh(ServletWebServerApplicationContext.java:146)
	at org.springframework.boot.SpringApplication.refresh(SpringApplication.java:752)
	at org.springframework.boot.SpringApplication.refreshContext(SpringApplication.java:439)
	at org.springframework.boot.SpringApplication.run(SpringApplication.java:318)
	at org.springframework.boot.SpringApplication.run(SpringApplication.java:1361)
	at org.springframework.boot.SpringApplication.run(SpringApplication.java:1350)
	at com.example.tpcmscheduler.TpcmSchedulerApplication.main(TpcmSchedulerApplication.java:12)
	at java.base/jdk.internal.reflect.DirectMethodHandleAccessor.invoke(DirectMethodHandleAccessor.java:104)
	at java.base/java.lang.reflect.Method.invoke(Method.java:565)
	at org.springframework.boot.loader.launch.Launcher.launch(Launcher.java:106)
	at org.springframework.boot.loader.launch.Launcher.launch(Launcher.java:64)
	at org.springframework.boot.loader.launch.JarLauncher.main(JarLauncher.java:40)
Caused by: org.springframework.beans.factory.UnsatisfiedDependencyException: Error creating bean with name 'dataSourceScriptDatabaseInitializer' defined in class path resource [org/springframework/boot/autoconfigure/sql/init/DataSourceInitializationConfiguration.class]: Unsatisfied dependency expressed through method 'dataSourceScriptDatabaseInitializer' parameter 0: Error creating bean with name 'appDs' defined in class path resource [com/example/tpcmscheduler/config/AppDataSourceConfig.class]: Failed to instantiate [javax.sql.DataSource]: Factory method 'appDataSource' threw exception with message: Failed to initialize pool: ORA-17868: Unknown host specified.: oracle: Temporary failure in name resolution
https://docs.oracle.com/error-help/db/ora-17868/
	at org.springframework.beans.factory.support.ConstructorResolver.createArgumentArray(ConstructorResolver.java:804)
	at org.springframework.beans.factory.support.ConstructorResolver.instantiateUsingFactoryMethod(ConstructorResolver.java:546)
	at org.springframework.beans.factory.support.AbstractAutowireCapableBeanFactory.instantiateUsingFactoryMethod(AbstractAutowireCapableBeanFactory.java:1375)
	at org.springframework.beans.factory.support.AbstractAutowireCapableBeanFactory.createBeanInstance(AbstractAutowireCapableBeanFactory.java:1205)
	at org.springframework.beans.factory.support.AbstractAutowireCapableBeanFactory.doCreateBean(AbstractAutowireCapableBeanFactory.java:569)
	at org.springframework.beans.factory.support.AbstractAutowireCapableBeanFactory.createBean(AbstractAutowireCapableBeanFactory.java:529)
	at org.springframework.beans.factory.support.AbstractBeanFactory.lambda$doGetBean$0(AbstractBeanFactory.java:339)
	at org.springframework.beans.factory.support.DefaultSingletonBeanRegistry.getSingleton(DefaultSingletonBeanRegistry.java:373)
	at org.springframework.beans.factory.support.AbstractBeanFactory.doGetBean(AbstractBeanFactory.java:337)
	at org.springframework.beans.factory.support.AbstractBeanFactory.getBean(AbstractBeanFactory.java:202)
	at org.springframework.beans.factory.support.AbstractBeanFactory.doGetBean(AbstractBeanFactory.java:315)
	at org.springframework.beans.factory.support.AbstractBeanFactory.getBean(AbstractBeanFactory.java:202)
	at org.springframework.beans.factory.support.DefaultListableBeanFactory.doResolveDependency(DefaultListableBeanFactory.java:1708)
	at org.springframework.beans.factory.support.DefaultListableBeanFactory.resolveDependency(DefaultListableBeanFactory.java:1653)
	at org.springframework.beans.factory.support.ConstructorResolver.resolveAutowiredArgument(ConstructorResolver.java:913)
	at org.springframework.beans.factory.support.ConstructorResolver.createArgumentArray(ConstructorResolver.java:791)
	... 26 common frames omitted
Caused by: org.springframework.beans.factory.BeanCreationException: Error creating bean with name 'appDs' defined in class path resource [com/example/tpcmscheduler/config/AppDataSourceConfig.class]: Failed to instantiate [javax.sql.DataSource]: Factory method 'appDataSource' threw exception with message: Failed to initialize pool: ORA-17868: Unknown host specified.: oracle: Temporary failure in name resolution
https://docs.oracle.com/error-help/db/ora-17868/
	at org.springframework.beans.factory.support.ConstructorResolver.instantiate(ConstructorResolver.java:657)
	at org.springframework.beans.factory.support.ConstructorResolver.instantiateUsingFactoryMethod(ConstructorResolver.java:489)
	at org.springframework.beans.factory.support.AbstractAutowireCapableBeanFactory.instantiateUsingFactoryMethod(AbstractAutowireCapableBeanFactory.java:1375)
	at org.springframework.beans.factory.support.AbstractAutowireCapableBeanFactory.createBeanInstance(AbstractAutowireCapableBeanFactory.java:1205)
	at org.springframework.beans.factory.support.AbstractAutowireCapableBeanFactory.doCreateBean(AbstractAutowireCapableBeanFactory.java:569)
	at org.springframework.beans.factory.support.AbstractAutowireCapableBeanFactory.createBean(AbstractAutowireCapableBeanFactory.java:529)
	at org.springframework.beans.factory.support.AbstractBeanFactory.lambda$doGetBean$0(AbstractBeanFactory.java:339)
	at org.springframework.beans.factory.support.DefaultSingletonBeanRegistry.getSingleton(DefaultSingletonBeanRegistry.java:373)
	at org.springframework.beans.factory.support.AbstractBeanFactory.doGetBean(AbstractBeanFactory.java:337)
	at org.springframework.beans.factory.support.AbstractBeanFactory.getBean(AbstractBeanFactory.java:202)
	at org.springframework.beans.factory.config.DependencyDescriptor.resolveCandidate(DependencyDescriptor.java:254)
	at org.springframework.beans.factory.support.DefaultListableBeanFactory.doResolveDependency(DefaultListableBeanFactory.java:1770)
	at org.springframework.beans.factory.support.DefaultListableBeanFactory.resolveDependency(DefaultListableBeanFactory.java:1653)
	at org.springframework.beans.factory.support.ConstructorResolver.resolveAutowiredArgument(ConstructorResolver.java:913)
	at org.springframework.beans.factory.support.ConstructorResolver.createArgumentArray(ConstructorResolver.java:791)
	... 41 common frames omitted
Caused by: org.springframework.beans.BeanInstantiationException: Failed to instantiate [javax.sql.DataSource]: Factory method 'appDataSource' threw exception with message: Failed to initialize pool: ORA-17868: Unknown host specified.: oracle: Temporary failure in name resolution
https://docs.oracle.com/error-help/db/ora-17868/
	at org.springframework.beans.factory.support.SimpleInstantiationStrategy.lambda$instantiate$0(SimpleInstantiationStrategy.java:200)
	at org.springframework.beans.factory.support.SimpleInstantiationStrategy.instantiateWithFactoryMethod(SimpleInstantiationStrategy.java:89)
	at org.springframework.beans.factory.support.SimpleInstantiationStrategy.instantiate(SimpleInstantiationStrategy.java:169)
	at org.springframework.beans.factory.support.ConstructorResolver.instantiate(ConstructorResolver.java:653)
	... 55 common frames omitted
Caused by: com.zaxxer.hikari.pool.HikariPool$PoolInitializationException: Failed to initialize pool: ORA-17868: Unknown host specified.: oracle: Temporary failure in name resolution
https://docs.oracle.com/error-help/db/ora-17868/
	at com.zaxxer.hikari.pool.HikariPool.throwPoolInitializationException(HikariPool.java:610)
	at com.zaxxer.hikari.pool.HikariPool.checkFailFast(HikariPool.java:597)
	at com.zaxxer.hikari.pool.HikariPool.<init>(HikariPool.java:97)
	at com.zaxxer.hikari.HikariDataSource.<init>(HikariDataSource.java:80)
	at com.example.tpcmscheduler.util.DataSourceUtil.createHikariDataSource(DataSourceUtil.java:28)
	at com.example.tpcmscheduler.config.AppDataSourceConfig.appDataSource(AppDataSourceConfig.java:42)
	at com.example.tpcmscheduler.config.AppDataSourceConfig$$SpringCGLIB$$0.CGLIB$appDataSource$1(<generated>)
	at com.example.tpcmscheduler.config.AppDataSourceConfig$$SpringCGLIB$$FastClass$$1.invoke(<generated>)
	at org.springframework.cglib.proxy.MethodProxy.invokeSuper(MethodProxy.java:258)
	at org.springframework.context.annotation.ConfigurationClassEnhancer$BeanMethodInterceptor.intercept(ConfigurationClassEnhancer.java:400)
	at com.example.tpcmscheduler.config.AppDataSourceConfig$$SpringCGLIB$$0.appDataSource(<generated>)
	at java.base/jdk.internal.reflect.DirectMethodHandleAccessor.invoke(DirectMethodHandleAccessor.java:104)
	at java.base/java.lang.reflect.Method.invoke(Method.java:565)
	at org.springframework.beans.factory.support.SimpleInstantiationStrategy.lambda$instantiate$0(SimpleInstantiationStrategy.java:172)
	... 58 common frames omitted
Caused by: java.sql.SQLException: ORA-17868: Unknown host specified.: oracle: Temporary failure in name resolution
https://docs.oracle.com/error-help/db/ora-17868/
	at oracle.jdbc.driver.T4CConnection.handleLogonNetException(T4CConnection.java:1853)
	at oracle.jdbc.driver.T4CConnection.logon(T4CConnection.java:1204)
	at oracle.jdbc.driver.PhysicalConnection.connect(PhysicalConnection.java:1189)
	at oracle.jdbc.driver.T4CDriverExtension.getConnection(T4CDriverExtension.java:106)
	at oracle.jdbc.driver.OracleDriver.connect(OracleDriver.java:887)
	at oracle.jdbc.driver.OracleDriver.connect(OracleDriver.java:694)
	at com.zaxxer.hikari.util.DriverDataSource.getConnection(DriverDataSource.java:144)
	at com.zaxxer.hikari.pool.PoolBase.newConnection(PoolBase.java:370)
	at com.zaxxer.hikari.pool.PoolBase.newPoolEntry(PoolBase.java:207)
	at com.zaxxer.hikari.pool.HikariPool.createPoolEntry(HikariPool.java:488)
	at com.zaxxer.hikari.pool.HikariPool.checkFailFast(HikariPool.java:576)
	... 70 common frames omitted
Caused by: oracle.net.ns.NetException: ORA-17868: Unknown host specified.: oracle: Temporary failure in name resolution
https://docs.oracle.com/error-help/db/ora-17868/
	at oracle.net.resolver.AddrResolution.resolveAddrTree(AddrResolution.java:1169)
	at oracle.net.resolver.AddrResolution.resolveTNSAddress(AddrResolution.java:948)
	at oracle.net.resolver.AddrResolution.initConnStrategy(AddrResolution.java:643)
	at oracle.net.resolver.AddrResolution.<init>(AddrResolution.java:458)
	at oracle.net.ns.NSProtocol.<init>(NSProtocol.java:248)
	at oracle.net.ns.NSProtocolNIO.<init>(NSProtocolNIO.java:149)
	at oracle.jdbc.driver.T4CConnection.logon(T4CConnection.java:1067)
	... 79 common frames omitted
2025-11-18 08:26:31 - Starting TpcmSchedulerApplication v1.0 using Java 25.0.1 with PID 1 (/app/app.jar started by root in /app)
2025-11-18 08:26:31 - The following 1 profile is active: "docker"
2025-11-18 08:26:32 - Tomcat initialized with port 7000 (http)
2025-11-18 08:26:32 - Initializing ProtocolHandler ["http-nio-7000"]
2025-11-18 08:26:32 - Starting service [Tomcat]
2025-11-18 08:26:32 - Starting Servlet engine: [Apache Tomcat/10.1.48]
2025-11-18 08:26:32 - Initializing Spring embedded WebApplicationContext
2025-11-18 08:26:32 - Root WebApplicationContext: initialization completed in 1075 ms
2025-11-18 08:26:32 - HikariPool-scheduler-app - Starting...
2025-11-18 08:26:41 - Exception encountered during context initialization - cancelling refresh attempt: org.springframework.beans.factory.UnsatisfiedDependencyException: Error creating bean with name 'databaseScheduler' defined in URL [jar:nested:/app/app.jar/!BOOT-INF/classes/!/com/example/tpcmscheduler/service/DatabaseScheduler.class]: Unsatisfied dependency expressed through constructor parameter 0: Error creating bean with name 'dataSourceScriptDatabaseInitializer' defined in class path resource [org/springframework/boot/autoconfigure/sql/init/DataSourceInitializationConfiguration.class]: Unsatisfied dependency expressed through method 'dataSourceScriptDatabaseInitializer' parameter 0: Error creating bean with name 'appDs' defined in class path resource [com/example/tpcmscheduler/config/AppDataSourceConfig.class]: Failed to instantiate [javax.sql.DataSource]: Factory method 'appDataSource' threw exception with message: Failed to initialize pool: ORA-17868: Unknown host specified.: oracle: Temporary failure in name resolution
https://docs.oracle.com/error-help/db/ora-17868/
2025-11-18 08:26:41 - Stopping service [Tomcat]
2025-11-18 08:26:41 - 

Error starting ApplicationContext. To display the condition evaluation report re-run your application with 'debug' enabled.
2025-11-18 08:26:41 - Application run failed
org.springframework.beans.factory.UnsatisfiedDependencyException: Error creating bean with name 'databaseScheduler' defined in URL [jar:nested:/app/app.jar/!BOOT-INF/classes/!/com/example/tpcmscheduler/service/DatabaseScheduler.class]: Unsatisfied dependency expressed through constructor parameter 0: Error creating bean with name 'dataSourceScriptDatabaseInitializer' defined in class path resource [org/springframework/boot/autoconfigure/sql/init/DataSourceInitializationConfiguration.class]: Unsatisfied dependency expressed through method 'dataSourceScriptDatabaseInitializer' parameter 0: Error creating bean with name 'appDs' defined in class path resource [com/example/tpcmscheduler/config/AppDataSourceConfig.class]: Failed to instantiate [javax.sql.DataSource]: Factory method 'appDataSource' threw exception with message: Failed to initialize pool: ORA-17868: Unknown host specified.: oracle: Temporary failure in name resolution
https://docs.oracle.com/error-help/db/ora-17868/
	at org.springframework.beans.factory.support.ConstructorResolver.createArgumentArray(ConstructorResolver.java:804)
	at org.springframework.beans.factory.support.ConstructorResolver.autowireConstructor(ConstructorResolver.java:240)
	at org.springframework.beans.factory.support.AbstractAutowireCapableBeanFactory.autowireConstructor(AbstractAutowireCapableBeanFactory.java:1395)
	at org.springframework.beans.factory.support.AbstractAutowireCapableBeanFactory.createBeanInstance(AbstractAutowireCapableBeanFactory.java:1232)
	at org.springframework.beans.factory.support.AbstractAutowireCapableBeanFactory.doCreateBean(AbstractAutowireCapableBeanFactory.java:569)
	at org.springframework.beans.factory.support.AbstractAutowireCapableBeanFactory.createBean(AbstractAutowireCapableBeanFactory.java:529)
	at org.springframework.beans.factory.support.AbstractBeanFactory.lambda$doGetBean$0(AbstractBeanFactory.java:339)
	at org.springframework.beans.factory.support.DefaultSingletonBeanRegistry.getSingleton(DefaultSingletonBeanRegistry.java:373)
	at org.springframework.beans.factory.support.AbstractBeanFactory.doGetBean(AbstractBeanFactory.java:337)
	at org.springframework.beans.factory.support.AbstractBeanFactory.getBean(AbstractBeanFactory.java:202)
	at org.springframework.beans.factory.support.DefaultListableBeanFactory.instantiateSingleton(DefaultListableBeanFactory.java:1228)
	at org.springframework.beans.factory.support.DefaultListableBeanFactory.preInstantiateSingleton(DefaultListableBeanFactory.java:1194)
	at org.springframework.beans.factory.support.DefaultListableBeanFactory.preInstantiateSingletons(DefaultListableBeanFactory.java:1130)
	at org.springframework.context.support.AbstractApplicationContext.finishBeanFactoryInitialization(AbstractApplicationContext.java:990)
	at org.springframework.context.support.AbstractApplicationContext.refresh(AbstractApplicationContext.java:627)
	at org.springframework.boot.web.servlet.context.ServletWebServerApplicationContext.refresh(ServletWebServerApplicationContext.java:146)
	at org.springframework.boot.SpringApplication.refresh(SpringApplication.java:752)
	at org.springframework.boot.SpringApplication.refreshContext(SpringApplication.java:439)
	at org.springframework.boot.SpringApplication.run(SpringApplication.java:318)
	at org.springframework.boot.SpringApplication.run(SpringApplication.java:1361)
	at org.springframework.boot.SpringApplication.run(SpringApplication.java:1350)
	at com.example.tpcmscheduler.TpcmSchedulerApplication.main(TpcmSchedulerApplication.java:12)
	at java.base/jdk.internal.reflect.DirectMethodHandleAccessor.invoke(DirectMethodHandleAccessor.java:104)
	at java.base/java.lang.reflect.Method.invoke(Method.java:565)
	at org.springframework.boot.loader.launch.Launcher.launch(Launcher.java:106)
	at org.springframework.boot.loader.launch.Launcher.launch(Launcher.java:64)
	at org.springframework.boot.loader.launch.JarLauncher.main(JarLauncher.java:40)
Caused by: org.springframework.beans.factory.UnsatisfiedDependencyException: Error creating bean with name 'dataSourceScriptDatabaseInitializer' defined in class path resource [org/springframework/boot/autoconfigure/sql/init/DataSourceInitializationConfiguration.class]: Unsatisfied dependency expressed through method 'dataSourceScriptDatabaseInitializer' parameter 0: Error creating bean with name 'appDs' defined in class path resource [com/example/tpcmscheduler/config/AppDataSourceConfig.class]: Failed to instantiate [javax.sql.DataSource]: Factory method 'appDataSource' threw exception with message: Failed to initialize pool: ORA-17868: Unknown host specified.: oracle: Temporary failure in name resolution
https://docs.oracle.com/error-help/db/ora-17868/
	at org.springframework.beans.factory.support.ConstructorResolver.createArgumentArray(ConstructorResolver.java:804)
	at org.springframework.beans.factory.support.ConstructorResolver.instantiateUsingFactoryMethod(ConstructorResolver.java:546)
	at org.springframework.beans.factory.support.AbstractAutowireCapableBeanFactory.instantiateUsingFactoryMethod(AbstractAutowireCapableBeanFactory.java:1375)
	at org.springframework.beans.factory.support.AbstractAutowireCapableBeanFactory.createBeanInstance(AbstractAutowireCapableBeanFactory.java:1205)
	at org.springframework.beans.factory.support.AbstractAutowireCapableBeanFactory.doCreateBean(AbstractAutowireCapableBeanFactory.java:569)
	at org.springframework.beans.factory.support.AbstractAutowireCapableBeanFactory.createBean(AbstractAutowireCapableBeanFactory.java:529)
	at org.springframework.beans.factory.support.AbstractBeanFactory.lambda$doGetBean$0(AbstractBeanFactory.java:339)
	at org.springframework.beans.factory.support.DefaultSingletonBeanRegistry.getSingleton(DefaultSingletonBeanRegistry.java:373)
	at org.springframework.beans.factory.support.AbstractBeanFactory.doGetBean(AbstractBeanFactory.java:337)
	at org.springframework.beans.factory.support.AbstractBeanFactory.getBean(AbstractBeanFactory.java:202)
	at org.springframework.beans.factory.support.AbstractBeanFactory.doGetBean(AbstractBeanFactory.java:315)
	at org.springframework.beans.factory.support.AbstractBeanFactory.getBean(AbstractBeanFactory.java:202)
	at org.springframework.beans.factory.support.DefaultListableBeanFactory.doResolveDependency(DefaultListableBeanFactory.java:1708)
	at org.springframework.beans.factory.support.DefaultListableBeanFactory.resolveDependency(DefaultListableBeanFactory.java:1653)
	at org.springframework.beans.factory.support.ConstructorResolver.resolveAutowiredArgument(ConstructorResolver.java:913)
	at org.springframework.beans.factory.support.ConstructorResolver.createArgumentArray(ConstructorResolver.java:791)
	... 26 common frames omitted
Caused by: org.springframework.beans.factory.BeanCreationException: Error creating bean with name 'appDs' defined in class path resource [com/example/tpcmscheduler/config/AppDataSourceConfig.class]: Failed to instantiate [javax.sql.DataSource]: Factory method 'appDataSource' threw exception with message: Failed to initialize pool: ORA-17868: Unknown host specified.: oracle: Temporary failure in name resolution
https://docs.oracle.com/error-help/db/ora-17868/
	at org.springframework.beans.factory.support.ConstructorResolver.instantiate(ConstructorResolver.java:657)
	at org.springframework.beans.factory.support.ConstructorResolver.instantiateUsingFactoryMethod(ConstructorResolver.java:489)
	at org.springframework.beans.factory.support.AbstractAutowireCapableBeanFactory.instantiateUsingFactoryMethod(AbstractAutowireCapableBeanFactory.java:1375)
	at org.springframework.beans.factory.support.AbstractAutowireCapableBeanFactory.createBeanInstance(AbstractAutowireCapableBeanFactory.java:1205)
	at org.springframework.beans.factory.support.AbstractAutowireCapableBeanFactory.doCreateBean(AbstractAutowireCapableBeanFactory.java:569)
	at org.springframework.beans.factory.support.AbstractAutowireCapableBeanFactory.createBean(AbstractAutowireCapableBeanFactory.java:529)
	at org.springframework.beans.factory.support.AbstractBeanFactory.lambda$doGetBean$0(AbstractBeanFactory.java:339)
	at org.springframework.beans.factory.support.DefaultSingletonBeanRegistry.getSingleton(DefaultSingletonBeanRegistry.java:373)
	at org.springframework.beans.factory.support.AbstractBeanFactory.doGetBean(AbstractBeanFactory.java:337)
	at org.springframework.beans.factory.support.AbstractBeanFactory.getBean(AbstractBeanFactory.java:202)
	at org.springframework.beans.factory.config.DependencyDescriptor.resolveCandidate(DependencyDescriptor.java:254)
	at org.springframework.beans.factory.support.DefaultListableBeanFactory.doResolveDependency(DefaultListableBeanFactory.java:1770)
	at org.springframework.beans.factory.support.DefaultListableBeanFactory.resolveDependency(DefaultListableBeanFactory.java:1653)
	at org.springframework.beans.factory.support.ConstructorResolver.resolveAutowiredArgument(ConstructorResolver.java:913)
	at org.springframework.beans.factory.support.ConstructorResolver.createArgumentArray(ConstructorResolver.java:791)
	... 41 common frames omitted
Caused by: org.springframework.beans.BeanInstantiationException: Failed to instantiate [javax.sql.DataSource]: Factory method 'appDataSource' threw exception with message: Failed to initialize pool: ORA-17868: Unknown host specified.: oracle: Temporary failure in name resolution
https://docs.oracle.com/error-help/db/ora-17868/
	at org.springframework.beans.factory.support.SimpleInstantiationStrategy.lambda$instantiate$0(SimpleInstantiationStrategy.java:200)
	at org.springframework.beans.factory.support.SimpleInstantiationStrategy.instantiateWithFactoryMethod(SimpleInstantiationStrategy.java:89)
	at org.springframework.beans.factory.support.SimpleInstantiationStrategy.instantiate(SimpleInstantiationStrategy.java:169)
	at org.springframework.beans.factory.support.ConstructorResolver.instantiate(ConstructorResolver.java:653)
	... 55 common frames omitted
Caused by: com.zaxxer.hikari.pool.HikariPool$PoolInitializationException: Failed to initialize pool: ORA-17868: Unknown host specified.: oracle: Temporary failure in name resolution
https://docs.oracle.com/error-help/db/ora-17868/
	at com.zaxxer.hikari.pool.HikariPool.throwPoolInitializationException(HikariPool.java:610)
	at com.zaxxer.hikari.pool.HikariPool.checkFailFast(HikariPool.java:597)
	at com.zaxxer.hikari.pool.HikariPool.<init>(HikariPool.java:97)
	at com.zaxxer.hikari.HikariDataSource.<init>(HikariDataSource.java:80)
	at com.example.tpcmscheduler.util.DataSourceUtil.createHikariDataSource(DataSourceUtil.java:28)
	at com.example.tpcmscheduler.config.AppDataSourceConfig.appDataSource(AppDataSourceConfig.java:42)
	at com.example.tpcmscheduler.config.AppDataSourceConfig$$SpringCGLIB$$0.CGLIB$appDataSource$1(<generated>)
	at com.example.tpcmscheduler.config.AppDataSourceConfig$$SpringCGLIB$$FastClass$$1.invoke(<generated>)
	at org.springframework.cglib.proxy.MethodProxy.invokeSuper(MethodProxy.java:258)
	at org.springframework.context.annotation.ConfigurationClassEnhancer$BeanMethodInterceptor.intercept(ConfigurationClassEnhancer.java:400)
	at com.example.tpcmscheduler.config.AppDataSourceConfig$$SpringCGLIB$$0.appDataSource(<generated>)
	at java.base/jdk.internal.reflect.DirectMethodHandleAccessor.invoke(DirectMethodHandleAccessor.java:104)
	at java.base/java.lang.reflect.Method.invoke(Method.java:565)
	at org.springframework.beans.factory.support.SimpleInstantiationStrategy.lambda$instantiate$0(SimpleInstantiationStrategy.java:172)
	... 58 common frames omitted
Caused by: java.sql.SQLException: ORA-17868: Unknown host specified.: oracle: Temporary failure in name resolution
https://docs.oracle.com/error-help/db/ora-17868/
	at oracle.jdbc.driver.T4CConnection.handleLogonNetException(T4CConnection.java:1853)
	at oracle.jdbc.driver.T4CConnection.logon(T4CConnection.java:1204)
	at oracle.jdbc.driver.PhysicalConnection.connect(PhysicalConnection.java:1189)
	at oracle.jdbc.driver.T4CDriverExtension.getConnection(T4CDriverExtension.java:106)
	at oracle.jdbc.driver.OracleDriver.connect(OracleDriver.java:887)
	at oracle.jdbc.driver.OracleDriver.connect(OracleDriver.java:694)
	at com.zaxxer.hikari.util.DriverDataSource.getConnection(DriverDataSource.java:144)
	at com.zaxxer.hikari.pool.PoolBase.newConnection(PoolBase.java:370)
	at com.zaxxer.hikari.pool.PoolBase.newPoolEntry(PoolBase.java:207)
	at com.zaxxer.hikari.pool.HikariPool.createPoolEntry(HikariPool.java:488)
	at com.zaxxer.hikari.pool.HikariPool.checkFailFast(HikariPool.java:576)
	... 70 common frames omitted
Caused by: oracle.net.ns.NetException: ORA-17868: Unknown host specified.: oracle: Temporary failure in name resolution
https://docs.oracle.com/error-help/db/ora-17868/
	at oracle.net.resolver.AddrResolution.resolveAddrTree(AddrResolution.java:1169)
	at oracle.net.resolver.AddrResolution.resolveTNSAddress(AddrResolution.java:948)
	at oracle.net.resolver.AddrResolution.initConnStrategy(AddrResolution.java:643)
	at oracle.net.resolver.AddrResolution.<init>(AddrResolution.java:458)
	at oracle.net.ns.NSProtocol.<init>(NSProtocol.java:248)
	at oracle.net.ns.NSProtocolNIO.<init>(NSProtocolNIO.java:149)
	at oracle.jdbc.driver.T4CConnection.logon(T4CConnection.java:1067)
	... 79 common frames omitted
2025-11-18 08:26:43 - Starting TpcmSchedulerApplication v1.0 using Java 25.0.1 with PID 1 (/app/app.jar started by root in /app)
2025-11-18 08:26:43 - The following 1 profile is active: "docker"
2025-11-18 08:26:44 - Tomcat initialized with port 7000 (http)
2025-11-18 08:26:44 - Initializing ProtocolHandler ["http-nio-7000"]
2025-11-18 08:26:44 - Starting service [Tomcat]
2025-11-18 08:26:44 - Starting Servlet engine: [Apache Tomcat/10.1.48]
2025-11-18 08:26:44 - Initializing Spring embedded WebApplicationContext
2025-11-18 08:26:44 - Root WebApplicationContext: initialization completed in 1215 ms
2025-11-18 08:26:44 - HikariPool-scheduler-app - Starting...
2025-11-18 08:26:53 - Exception encountered during context initialization - cancelling refresh attempt: org.springframework.beans.factory.UnsatisfiedDependencyException: Error creating bean with name 'databaseScheduler' defined in URL [jar:nested:/app/app.jar/!BOOT-INF/classes/!/com/example/tpcmscheduler/service/DatabaseScheduler.class]: Unsatisfied dependency expressed through constructor parameter 0: Error creating bean with name 'dataSourceScriptDatabaseInitializer' defined in class path resource [org/springframework/boot/autoconfigure/sql/init/DataSourceInitializationConfiguration.class]: Unsatisfied dependency expressed through method 'dataSourceScriptDatabaseInitializer' parameter 0: Error creating bean with name 'appDs' defined in class path resource [com/example/tpcmscheduler/config/AppDataSourceConfig.class]: Failed to instantiate [javax.sql.DataSource]: Factory method 'appDataSource' threw exception with message: Failed to initialize pool: ORA-17868: Unknown host specified.: oracle: Temporary failure in name resolution
https://docs.oracle.com/error-help/db/ora-17868/
2025-11-18 08:26:53 - Stopping service [Tomcat]
2025-11-18 08:26:53 - 

Error starting ApplicationContext. To display the condition evaluation report re-run your application with 'debug' enabled.
2025-11-18 08:26:54 - Application run failed
org.springframework.beans.factory.UnsatisfiedDependencyException: Error creating bean with name 'databaseScheduler' defined in URL [jar:nested:/app/app.jar/!BOOT-INF/classes/!/com/example/tpcmscheduler/service/DatabaseScheduler.class]: Unsatisfied dependency expressed through constructor parameter 0: Error creating bean with name 'dataSourceScriptDatabaseInitializer' defined in class path resource [org/springframework/boot/autoconfigure/sql/init/DataSourceInitializationConfiguration.class]: Unsatisfied dependency expressed through method 'dataSourceScriptDatabaseInitializer' parameter 0: Error creating bean with name 'appDs' defined in class path resource [com/example/tpcmscheduler/config/AppDataSourceConfig.class]: Failed to instantiate [javax.sql.DataSource]: Factory method 'appDataSource' threw exception with message: Failed to initialize pool: ORA-17868: Unknown host specified.: oracle: Temporary failure in name resolution
https://docs.oracle.com/error-help/db/ora-17868/
	at org.springframework.beans.factory.support.ConstructorResolver.createArgumentArray(ConstructorResolver.java:804)
	at org.springframework.beans.factory.support.ConstructorResolver.autowireConstructor(ConstructorResolver.java:240)
	at org.springframework.beans.factory.support.AbstractAutowireCapableBeanFactory.autowireConstructor(AbstractAutowireCapableBeanFactory.java:1395)
	at org.springframework.beans.factory.support.AbstractAutowireCapableBeanFactory.createBeanInstance(AbstractAutowireCapableBeanFactory.java:1232)
	at org.springframework.beans.factory.support.AbstractAutowireCapableBeanFactory.doCreateBean(AbstractAutowireCapableBeanFactory.java:569)
	at org.springframework.beans.factory.support.AbstractAutowireCapableBeanFactory.createBean(AbstractAutowireCapableBeanFactory.java:529)
	at org.springframework.beans.factory.support.AbstractBeanFactory.lambda$doGetBean$0(AbstractBeanFactory.java:339)
	at org.springframework.beans.factory.support.DefaultSingletonBeanRegistry.getSingleton(DefaultSingletonBeanRegistry.java:373)
	at org.springframework.beans.factory.support.AbstractBeanFactory.doGetBean(AbstractBeanFactory.java:337)
	at org.springframework.beans.factory.support.AbstractBeanFactory.getBean(AbstractBeanFactory.java:202)
	at org.springframework.beans.factory.support.DefaultListableBeanFactory.instantiateSingleton(DefaultListableBeanFactory.java:1228)
	at org.springframework.beans.factory.support.DefaultListableBeanFactory.preInstantiateSingleton(DefaultListableBeanFactory.java:1194)
	at org.springframework.beans.factory.support.DefaultListableBeanFactory.preInstantiateSingletons(DefaultListableBeanFactory.java:1130)
	at org.springframework.context.support.AbstractApplicationContext.finishBeanFactoryInitialization(AbstractApplicationContext.java:990)
	at org.springframework.context.support.AbstractApplicationContext.refresh(AbstractApplicationContext.java:627)
	at org.springframework.boot.web.servlet.context.ServletWebServerApplicationContext.refresh(ServletWebServerApplicationContext.java:146)
	at org.springframework.boot.SpringApplication.refresh(SpringApplication.java:752)
	at org.springframework.boot.SpringApplication.refreshContext(SpringApplication.java:439)
	at org.springframework.boot.SpringApplication.run(SpringApplication.java:318)
	at org.springframework.boot.SpringApplication.run(SpringApplication.java:1361)
	at org.springframework.boot.SpringApplication.run(SpringApplication.java:1350)
	at com.example.tpcmscheduler.TpcmSchedulerApplication.main(TpcmSchedulerApplication.java:12)
	at java.base/jdk.internal.reflect.DirectMethodHandleAccessor.invoke(DirectMethodHandleAccessor.java:104)
	at java.base/java.lang.reflect.Method.invoke(Method.java:565)
	at org.springframework.boot.loader.launch.Launcher.launch(Launcher.java:106)
	at org.springframework.boot.loader.launch.Launcher.launch(Launcher.java:64)
	at org.springframework.boot.loader.launch.JarLauncher.main(JarLauncher.java:40)
Caused by: org.springframework.beans.factory.UnsatisfiedDependencyException: Error creating bean with name 'dataSourceScriptDatabaseInitializer' defined in class path resource [org/springframework/boot/autoconfigure/sql/init/DataSourceInitializationConfiguration.class]: Unsatisfied dependency expressed through method 'dataSourceScriptDatabaseInitializer' parameter 0: Error creating bean with name 'appDs' defined in class path resource [com/example/tpcmscheduler/config/AppDataSourceConfig.class]: Failed to instantiate [javax.sql.DataSource]: Factory method 'appDataSource' threw exception with message: Failed to initialize pool: ORA-17868: Unknown host specified.: oracle: Temporary failure in name resolution
https://docs.oracle.com/error-help/db/ora-17868/
	at org.springframework.beans.factory.support.ConstructorResolver.createArgumentArray(ConstructorResolver.java:804)
	at org.springframework.beans.factory.support.ConstructorResolver.instantiateUsingFactoryMethod(ConstructorResolver.java:546)
	at org.springframework.beans.factory.support.AbstractAutowireCapableBeanFactory.instantiateUsingFactoryMethod(AbstractAutowireCapableBeanFactory.java:1375)
	at org.springframework.beans.factory.support.AbstractAutowireCapableBeanFactory.createBeanInstance(AbstractAutowireCapableBeanFactory.java:1205)
	at org.springframework.beans.factory.support.AbstractAutowireCapableBeanFactory.doCreateBean(AbstractAutowireCapableBeanFactory.java:569)
	at org.springframework.beans.factory.support.AbstractAutowireCapableBeanFactory.createBean(AbstractAutowireCapableBeanFactory.java:529)
	at org.springframework.beans.factory.support.AbstractBeanFactory.lambda$doGetBean$0(AbstractBeanFactory.java:339)
	at org.springframework.beans.factory.support.DefaultSingletonBeanRegistry.getSingleton(DefaultSingletonBeanRegistry.java:373)
	at org.springframework.beans.factory.support.AbstractBeanFactory.doGetBean(AbstractBeanFactory.java:337)
	at org.springframework.beans.factory.support.AbstractBeanFactory.getBean(AbstractBeanFactory.java:202)
	at org.springframework.beans.factory.support.AbstractBeanFactory.doGetBean(AbstractBeanFactory.java:315)
	at org.springframework.beans.factory.support.AbstractBeanFactory.getBean(AbstractBeanFactory.java:202)
	at org.springframework.beans.factory.support.DefaultListableBeanFactory.doResolveDependency(DefaultListableBeanFactory.java:1708)
	at org.springframework.beans.factory.support.DefaultListableBeanFactory.resolveDependency(DefaultListableBeanFactory.java:1653)
	at org.springframework.beans.factory.support.ConstructorResolver.resolveAutowiredArgument(ConstructorResolver.java:913)
	at org.springframework.beans.factory.support.ConstructorResolver.createArgumentArray(ConstructorResolver.java:791)
	... 26 common frames omitted
Caused by: org.springframework.beans.factory.BeanCreationException: Error creating bean with name 'appDs' defined in class path resource [com/example/tpcmscheduler/config/AppDataSourceConfig.class]: Failed to instantiate [javax.sql.DataSource]: Factory method 'appDataSource' threw exception with message: Failed to initialize pool: ORA-17868: Unknown host specified.: oracle: Temporary failure in name resolution
https://docs.oracle.com/error-help/db/ora-17868/
	at org.springframework.beans.factory.support.ConstructorResolver.instantiate(ConstructorResolver.java:657)
	at org.springframework.beans.factory.support.ConstructorResolver.instantiateUsingFactoryMethod(ConstructorResolver.java:489)
	at org.springframework.beans.factory.support.AbstractAutowireCapableBeanFactory.instantiateUsingFactoryMethod(AbstractAutowireCapableBeanFactory.java:1375)
	at org.springframework.beans.factory.support.AbstractAutowireCapableBeanFactory.createBeanInstance(AbstractAutowireCapableBeanFactory.java:1205)
	at org.springframework.beans.factory.support.AbstractAutowireCapableBeanFactory.doCreateBean(AbstractAutowireCapableBeanFactory.java:569)
	at org.springframework.beans.factory.support.AbstractAutowireCapableBeanFactory.createBean(AbstractAutowireCapableBeanFactory.java:529)
	at org.springframework.beans.factory.support.AbstractBeanFactory.lambda$doGetBean$0(AbstractBeanFactory.java:339)
	at org.springframework.beans.factory.support.DefaultSingletonBeanRegistry.getSingleton(DefaultSingletonBeanRegistry.java:373)
	at org.springframework.beans.factory.support.AbstractBeanFactory.doGetBean(AbstractBeanFactory.java:337)
	at org.springframework.beans.factory.support.AbstractBeanFactory.getBean(AbstractBeanFactory.java:202)
	at org.springframework.beans.factory.config.DependencyDescriptor.resolveCandidate(DependencyDescriptor.java:254)
	at org.springframework.beans.factory.support.DefaultListableBeanFactory.doResolveDependency(DefaultListableBeanFactory.java:1770)
	at org.springframework.beans.factory.support.DefaultListableBeanFactory.resolveDependency(DefaultListableBeanFactory.java:1653)
	at org.springframework.beans.factory.support.ConstructorResolver.resolveAutowiredArgument(ConstructorResolver.java:913)
	at org.springframework.beans.factory.support.ConstructorResolver.createArgumentArray(ConstructorResolver.java:791)
	... 41 common frames omitted
Caused by: org.springframework.beans.BeanInstantiationException: Failed to instantiate [javax.sql.DataSource]: Factory method 'appDataSource' threw exception with message: Failed to initialize pool: ORA-17868: Unknown host specified.: oracle: Temporary failure in name resolution
https://docs.oracle.com/error-help/db/ora-17868/
	at org.springframework.beans.factory.support.SimpleInstantiationStrategy.lambda$instantiate$0(SimpleInstantiationStrategy.java:200)
	at org.springframework.beans.factory.support.SimpleInstantiationStrategy.instantiateWithFactoryMethod(SimpleInstantiationStrategy.java:89)
	at org.springframework.beans.factory.support.SimpleInstantiationStrategy.instantiate(SimpleInstantiationStrategy.java:169)
	at org.springframework.beans.factory.support.ConstructorResolver.instantiate(ConstructorResolver.java:653)
	... 55 common frames omitted
Caused by: com.zaxxer.hikari.pool.HikariPool$PoolInitializationException: Failed to initialize pool: ORA-17868: Unknown host specified.: oracle: Temporary failure in name resolution
https://docs.oracle.com/error-help/db/ora-17868/
	at com.zaxxer.hikari.pool.HikariPool.throwPoolInitializationException(HikariPool.java:610)
	at com.zaxxer.hikari.pool.HikariPool.checkFailFast(HikariPool.java:597)
	at com.zaxxer.hikari.pool.HikariPool.<init>(HikariPool.java:97)
	at com.zaxxer.hikari.HikariDataSource.<init>(HikariDataSource.java:80)
	at com.example.tpcmscheduler.util.DataSourceUtil.createHikariDataSource(DataSourceUtil.java:28)
	at com.example.tpcmscheduler.config.AppDataSourceConfig.appDataSource(AppDataSourceConfig.java:42)
	at com.example.tpcmscheduler.config.AppDataSourceConfig$$SpringCGLIB$$0.CGLIB$appDataSource$1(<generated>)
	at com.example.tpcmscheduler.config.AppDataSourceConfig$$SpringCGLIB$$FastClass$$1.invoke(<generated>)
	at org.springframework.cglib.proxy.MethodProxy.invokeSuper(MethodProxy.java:258)
	at org.springframework.context.annotation.ConfigurationClassEnhancer$BeanMethodInterceptor.intercept(ConfigurationClassEnhancer.java:400)
	at com.example.tpcmscheduler.config.AppDataSourceConfig$$SpringCGLIB$$0.appDataSource(<generated>)
	at java.base/jdk.internal.reflect.DirectMethodHandleAccessor.invoke(DirectMethodHandleAccessor.java:104)
	at java.base/java.lang.reflect.Method.invoke(Method.java:565)
	at org.springframework.beans.factory.support.SimpleInstantiationStrategy.lambda$instantiate$0(SimpleInstantiationStrategy.java:172)
	... 58 common frames omitted
Caused by: java.sql.SQLException: ORA-17868: Unknown host specified.: oracle: Temporary failure in name resolution
https://docs.oracle.com/error-help/db/ora-17868/
	at oracle.jdbc.driver.T4CConnection.handleLogonNetException(T4CConnection.java:1853)
	at oracle.jdbc.driver.T4CConnection.logon(T4CConnection.java:1204)
	at oracle.jdbc.driver.PhysicalConnection.connect(PhysicalConnection.java:1189)
	at oracle.jdbc.driver.T4CDriverExtension.getConnection(T4CDriverExtension.java:106)
	at oracle.jdbc.driver.OracleDriver.connect(OracleDriver.java:887)
	at oracle.jdbc.driver.OracleDriver.connect(OracleDriver.java:694)
	at com.zaxxer.hikari.util.DriverDataSource.getConnection(DriverDataSource.java:144)
	at com.zaxxer.hikari.pool.PoolBase.newConnection(PoolBase.java:370)
	at com.zaxxer.hikari.pool.PoolBase.newPoolEntry(PoolBase.java:207)
	at com.zaxxer.hikari.pool.HikariPool.createPoolEntry(HikariPool.java:488)
	at com.zaxxer.hikari.pool.HikariPool.checkFailFast(HikariPool.java:576)
	... 70 common frames omitted
Caused by: oracle.net.ns.NetException: ORA-17868: Unknown host specified.: oracle: Temporary failure in name resolution
https://docs.oracle.com/error-help/db/ora-17868/
	at oracle.net.resolver.AddrResolution.resolveAddrTree(AddrResolution.java:1169)
	at oracle.net.resolver.AddrResolution.resolveTNSAddress(AddrResolution.java:948)
	at oracle.net.resolver.AddrResolution.initConnStrategy(AddrResolution.java:643)
	at oracle.net.resolver.AddrResolution.<init>(AddrResolution.java:458)
	at oracle.net.ns.NSProtocol.<init>(NSProtocol.java:248)
	at oracle.net.ns.NSProtocolNIO.<init>(NSProtocolNIO.java:149)
	at oracle.jdbc.driver.T4CConnection.logon(T4CConnection.java:1067)
	... 79 common frames omitted
2025-11-18 08:26:55 - Starting TpcmSchedulerApplication v1.0 using Java 25.0.1 with PID 1 (/app/app.jar started by root in /app)
2025-11-18 08:26:55 - The following 1 profile is active: "docker"
2025-11-18 08:26:56 - Tomcat initialized with port 7000 (http)
2025-11-18 08:26:56 - Initializing ProtocolHandler ["http-nio-7000"]
2025-11-18 08:26:56 - Starting service [Tomcat]
2025-11-18 08:26:56 - Starting Servlet engine: [Apache Tomcat/10.1.48]
2025-11-18 08:26:56 - Initializing Spring embedded WebApplicationContext
2025-11-18 08:26:56 - Root WebApplicationContext: initialization completed in 1145 ms
2025-11-18 08:26:56 - HikariPool-scheduler-app - Starting...
2025-11-18 08:27:06 - Exception encountered during context initialization - cancelling refresh attempt: org.springframework.beans.factory.UnsatisfiedDependencyException: Error creating bean with name 'databaseScheduler' defined in URL [jar:nested:/app/app.jar/!BOOT-INF/classes/!/com/example/tpcmscheduler/service/DatabaseScheduler.class]: Unsatisfied dependency expressed through constructor parameter 0: Error creating bean with name 'dataSourceScriptDatabaseInitializer' defined in class path resource [org/springframework/boot/autoconfigure/sql/init/DataSourceInitializationConfiguration.class]: Unsatisfied dependency expressed through method 'dataSourceScriptDatabaseInitializer' parameter 0: Error creating bean with name 'appDs' defined in class path resource [com/example/tpcmscheduler/config/AppDataSourceConfig.class]: Failed to instantiate [javax.sql.DataSource]: Factory method 'appDataSource' threw exception with message: Failed to initialize pool: ORA-17868: Unknown host specified.: oracle: Temporary failure in name resolution
https://docs.oracle.com/error-help/db/ora-17868/
2025-11-18 08:27:06 - Stopping service [Tomcat]
2025-11-18 08:27:06 - 

Error starting ApplicationContext. To display the condition evaluation report re-run your application with 'debug' enabled.
2025-11-18 08:27:06 - Application run failed
org.springframework.beans.factory.UnsatisfiedDependencyException: Error creating bean with name 'databaseScheduler' defined in URL [jar:nested:/app/app.jar/!BOOT-INF/classes/!/com/example/tpcmscheduler/service/DatabaseScheduler.class]: Unsatisfied dependency expressed through constructor parameter 0: Error creating bean with name 'dataSourceScriptDatabaseInitializer' defined in class path resource [org/springframework/boot/autoconfigure/sql/init/DataSourceInitializationConfiguration.class]: Unsatisfied dependency expressed through method 'dataSourceScriptDatabaseInitializer' parameter 0: Error creating bean with name 'appDs' defined in class path resource [com/example/tpcmscheduler/config/AppDataSourceConfig.class]: Failed to instantiate [javax.sql.DataSource]: Factory method 'appDataSource' threw exception with message: Failed to initialize pool: ORA-17868: Unknown host specified.: oracle: Temporary failure in name resolution
https://docs.oracle.com/error-help/db/ora-17868/
	at org.springframework.beans.factory.support.ConstructorResolver.createArgumentArray(ConstructorResolver.java:804)
	at org.springframework.beans.factory.support.ConstructorResolver.autowireConstructor(ConstructorResolver.java:240)
	at org.springframework.beans.factory.support.AbstractAutowireCapableBeanFactory.autowireConstructor(AbstractAutowireCapableBeanFactory.java:1395)
	at org.springframework.beans.factory.support.AbstractAutowireCapableBeanFactory.createBeanInstance(AbstractAutowireCapableBeanFactory.java:1232)
	at org.springframework.beans.factory.support.AbstractAutowireCapableBeanFactory.doCreateBean(AbstractAutowireCapableBeanFactory.java:569)
	at org.springframework.beans.factory.support.AbstractAutowireCapableBeanFactory.createBean(AbstractAutowireCapableBeanFactory.java:529)
	at org.springframework.beans.factory.support.AbstractBeanFactory.lambda$doGetBean$0(AbstractBeanFactory.java:339)
	at org.springframework.beans.factory.support.DefaultSingletonBeanRegistry.getSingleton(DefaultSingletonBeanRegistry.java:373)
	at org.springframework.beans.factory.support.AbstractBeanFactory.doGetBean(AbstractBeanFactory.java:337)
	at org.springframework.beans.factory.support.AbstractBeanFactory.getBean(AbstractBeanFactory.java:202)
	at org.springframework.beans.factory.support.DefaultListableBeanFactory.instantiateSingleton(DefaultListableBeanFactory.java:1228)
	at org.springframework.beans.factory.support.DefaultListableBeanFactory.preInstantiateSingleton(DefaultListableBeanFactory.java:1194)
	at org.springframework.beans.factory.support.DefaultListableBeanFactory.preInstantiateSingletons(DefaultListableBeanFactory.java:1130)
	at org.springframework.context.support.AbstractApplicationContext.finishBeanFactoryInitialization(AbstractApplicationContext.java:990)
	at org.springframework.context.support.AbstractApplicationContext.refresh(AbstractApplicationContext.java:627)
	at org.springframework.boot.web.servlet.context.ServletWebServerApplicationContext.refresh(ServletWebServerApplicationContext.java:146)
	at org.springframework.boot.SpringApplication.refresh(SpringApplication.java:752)
	at org.springframework.boot.SpringApplication.refreshContext(SpringApplication.java:439)
	at org.springframework.boot.SpringApplication.run(SpringApplication.java:318)
	at org.springframework.boot.SpringApplication.run(SpringApplication.java:1361)
	at org.springframework.boot.SpringApplication.run(SpringApplication.java:1350)
	at com.example.tpcmscheduler.TpcmSchedulerApplication.main(TpcmSchedulerApplication.java:12)
	at java.base/jdk.internal.reflect.DirectMethodHandleAccessor.invoke(DirectMethodHandleAccessor.java:104)
	at java.base/java.lang.reflect.Method.invoke(Method.java:565)
	at org.springframework.boot.loader.launch.Launcher.launch(Launcher.java:106)
	at org.springframework.boot.loader.launch.Launcher.launch(Launcher.java:64)
	at org.springframework.boot.loader.launch.JarLauncher.main(JarLauncher.java:40)
Caused by: org.springframework.beans.factory.UnsatisfiedDependencyException: Error creating bean with name 'dataSourceScriptDatabaseInitializer' defined in class path resource [org/springframework/boot/autoconfigure/sql/init/DataSourceInitializationConfiguration.class]: Unsatisfied dependency expressed through method 'dataSourceScriptDatabaseInitializer' parameter 0: Error creating bean with name 'appDs' defined in class path resource [com/example/tpcmscheduler/config/AppDataSourceConfig.class]: Failed to instantiate [javax.sql.DataSource]: Factory method 'appDataSource' threw exception with message: Failed to initialize pool: ORA-17868: Unknown host specified.: oracle: Temporary failure in name resolution
https://docs.oracle.com/error-help/db/ora-17868/
	at org.springframework.beans.factory.support.ConstructorResolver.createArgumentArray(ConstructorResolver.java:804)
	at org.springframework.beans.factory.support.ConstructorResolver.instantiateUsingFactoryMethod(ConstructorResolver.java:546)
	at org.springframework.beans.factory.support.AbstractAutowireCapableBeanFactory.instantiateUsingFactoryMethod(AbstractAutowireCapableBeanFactory.java:1375)
	at org.springframework.beans.factory.support.AbstractAutowireCapableBeanFactory.createBeanInstance(AbstractAutowireCapableBeanFactory.java:1205)
	at org.springframework.beans.factory.support.AbstractAutowireCapableBeanFactory.doCreateBean(AbstractAutowireCapableBeanFactory.java:569)
	at org.springframework.beans.factory.support.AbstractAutowireCapableBeanFactory.createBean(AbstractAutowireCapableBeanFactory.java:529)
	at org.springframework.beans.factory.support.AbstractBeanFactory.lambda$doGetBean$0(AbstractBeanFactory.java:339)
	at org.springframework.beans.factory.support.DefaultSingletonBeanRegistry.getSingleton(DefaultSingletonBeanRegistry.java:373)
	at org.springframework.beans.factory.support.AbstractBeanFactory.doGetBean(AbstractBeanFactory.java:337)
	at org.springframework.beans.factory.support.AbstractBeanFactory.getBean(AbstractBeanFactory.java:202)
	at org.springframework.beans.factory.support.AbstractBeanFactory.doGetBean(AbstractBeanFactory.java:315)
	at org.springframework.beans.factory.support.AbstractBeanFactory.getBean(AbstractBeanFactory.java:202)
	at org.springframework.beans.factory.support.DefaultListableBeanFactory.doResolveDependency(DefaultListableBeanFactory.java:1708)
	at org.springframework.beans.factory.support.DefaultListableBeanFactory.resolveDependency(DefaultListableBeanFactory.java:1653)
	at org.springframework.beans.factory.support.ConstructorResolver.resolveAutowiredArgument(ConstructorResolver.java:913)
	at org.springframework.beans.factory.support.ConstructorResolver.createArgumentArray(ConstructorResolver.java:791)
	... 26 common frames omitted
Caused by: org.springframework.beans.factory.BeanCreationException: Error creating bean with name 'appDs' defined in class path resource [com/example/tpcmscheduler/config/AppDataSourceConfig.class]: Failed to instantiate [javax.sql.DataSource]: Factory method 'appDataSource' threw exception with message: Failed to initialize pool: ORA-17868: Unknown host specified.: oracle: Temporary failure in name resolution
https://docs.oracle.com/error-help/db/ora-17868/
	at org.springframework.beans.factory.support.ConstructorResolver.instantiate(ConstructorResolver.java:657)
	at org.springframework.beans.factory.support.ConstructorResolver.instantiateUsingFactoryMethod(ConstructorResolver.java:489)
	at org.springframework.beans.factory.support.AbstractAutowireCapableBeanFactory.instantiateUsingFactoryMethod(AbstractAutowireCapableBeanFactory.java:1375)
	at org.springframework.beans.factory.support.AbstractAutowireCapableBeanFactory.createBeanInstance(AbstractAutowireCapableBeanFactory.java:1205)
	at org.springframework.beans.factory.support.AbstractAutowireCapableBeanFactory.doCreateBean(AbstractAutowireCapableBeanFactory.java:569)
	at org.springframework.beans.factory.support.AbstractAutowireCapableBeanFactory.createBean(AbstractAutowireCapableBeanFactory.java:529)
	at org.springframework.beans.factory.support.AbstractBeanFactory.lambda$doGetBean$0(AbstractBeanFactory.java:339)
	at org.springframework.beans.factory.support.DefaultSingletonBeanRegistry.getSingleton(DefaultSingletonBeanRegistry.java:373)
	at org.springframework.beans.factory.support.AbstractBeanFactory.doGetBean(AbstractBeanFactory.java:337)
	at org.springframework.beans.factory.support.AbstractBeanFactory.getBean(AbstractBeanFactory.java:202)
	at org.springframework.beans.factory.config.DependencyDescriptor.resolveCandidate(DependencyDescriptor.java:254)
	at org.springframework.beans.factory.support.DefaultListableBeanFactory.doResolveDependency(DefaultListableBeanFactory.java:1770)
	at org.springframework.beans.factory.support.DefaultListableBeanFactory.resolveDependency(DefaultListableBeanFactory.java:1653)
	at org.springframework.beans.factory.support.ConstructorResolver.resolveAutowiredArgument(ConstructorResolver.java:913)
	at org.springframework.beans.factory.support.ConstructorResolver.createArgumentArray(ConstructorResolver.java:791)
	... 41 common frames omitted
Caused by: org.springframework.beans.BeanInstantiationException: Failed to instantiate [javax.sql.DataSource]: Factory method 'appDataSource' threw exception with message: Failed to initialize pool: ORA-17868: Unknown host specified.: oracle: Temporary failure in name resolution
https://docs.oracle.com/error-help/db/ora-17868/
	at org.springframework.beans.factory.support.SimpleInstantiationStrategy.lambda$instantiate$0(SimpleInstantiationStrategy.java:200)
	at org.springframework.beans.factory.support.SimpleInstantiationStrategy.instantiateWithFactoryMethod(SimpleInstantiationStrategy.java:89)
	at org.springframework.beans.factory.support.SimpleInstantiationStrategy.instantiate(SimpleInstantiationStrategy.java:169)
	at org.springframework.beans.factory.support.ConstructorResolver.instantiate(ConstructorResolver.java:653)
	... 55 common frames omitted
Caused by: com.zaxxer.hikari.pool.HikariPool$PoolInitializationException: Failed to initialize pool: ORA-17868: Unknown host specified.: oracle: Temporary failure in name resolution
https://docs.oracle.com/error-help/db/ora-17868/
	at com.zaxxer.hikari.pool.HikariPool.throwPoolInitializationException(HikariPool.java:610)
	at com.zaxxer.hikari.pool.HikariPool.checkFailFast(HikariPool.java:597)
	at com.zaxxer.hikari.pool.HikariPool.<init>(HikariPool.java:97)
	at com.zaxxer.hikari.HikariDataSource.<init>(HikariDataSource.java:80)
	at com.example.tpcmscheduler.util.DataSourceUtil.createHikariDataSource(DataSourceUtil.java:28)
	at com.example.tpcmscheduler.config.AppDataSourceConfig.appDataSource(AppDataSourceConfig.java:42)
	at com.example.tpcmscheduler.config.AppDataSourceConfig$$SpringCGLIB$$0.CGLIB$appDataSource$1(<generated>)
	at com.example.tpcmscheduler.config.AppDataSourceConfig$$SpringCGLIB$$FastClass$$1.invoke(<generated>)
	at org.springframework.cglib.proxy.MethodProxy.invokeSuper(MethodProxy.java:258)
	at org.springframework.context.annotation.ConfigurationClassEnhancer$BeanMethodInterceptor.intercept(ConfigurationClassEnhancer.java:400)
	at com.example.tpcmscheduler.config.AppDataSourceConfig$$SpringCGLIB$$0.appDataSource(<generated>)
	at java.base/jdk.internal.reflect.DirectMethodHandleAccessor.invoke(DirectMethodHandleAccessor.java:104)
	at java.base/java.lang.reflect.Method.invoke(Method.java:565)
	at org.springframework.beans.factory.support.SimpleInstantiationStrategy.lambda$instantiate$0(SimpleInstantiationStrategy.java:172)
	... 58 common frames omitted
Caused by: java.sql.SQLException: ORA-17868: Unknown host specified.: oracle: Temporary failure in name resolution
https://docs.oracle.com/error-help/db/ora-17868/
	at oracle.jdbc.driver.T4CConnection.handleLogonNetException(T4CConnection.java:1853)
	at oracle.jdbc.driver.T4CConnection.logon(T4CConnection.java:1204)
	at oracle.jdbc.driver.PhysicalConnection.connect(PhysicalConnection.java:1189)
	at oracle.jdbc.driver.T4CDriverExtension.getConnection(T4CDriverExtension.java:106)
	at oracle.jdbc.driver.OracleDriver.connect(OracleDriver.java:887)
	at oracle.jdbc.driver.OracleDriver.connect(OracleDriver.java:694)
	at com.zaxxer.hikari.util.DriverDataSource.getConnection(DriverDataSource.java:144)
	at com.zaxxer.hikari.pool.PoolBase.newConnection(PoolBase.java:370)
	at com.zaxxer.hikari.pool.PoolBase.newPoolEntry(PoolBase.java:207)
	at com.zaxxer.hikari.pool.HikariPool.createPoolEntry(HikariPool.java:488)
	at com.zaxxer.hikari.pool.HikariPool.checkFailFast(HikariPool.java:576)
	... 70 common frames omitted
Caused by: oracle.net.ns.NetException: ORA-17868: Unknown host specified.: oracle: Temporary failure in name resolution
https://docs.oracle.com/error-help/db/ora-17868/
	at oracle.net.resolver.AddrResolution.resolveAddrTree(AddrResolution.java:1169)
	at oracle.net.resolver.AddrResolution.resolveTNSAddress(AddrResolution.java:948)
	at oracle.net.resolver.AddrResolution.initConnStrategy(AddrResolution.java:643)
	at oracle.net.resolver.AddrResolution.<init>(AddrResolution.java:458)
	at oracle.net.ns.NSProtocol.<init>(NSProtocol.java:248)
	at oracle.net.ns.NSProtocolNIO.<init>(NSProtocolNIO.java:149)
	at oracle.jdbc.driver.T4CConnection.logon(T4CConnection.java:1067)
	... 79 common frames omitted
2025-11-18 08:27:08 - Starting TpcmSchedulerApplication v1.0 using Java 25.0.1 with PID 1 (/app/app.jar started by root in /app)
2025-11-18 08:27:08 - The following 1 profile is active: "docker"
2025-11-18 08:27:09 - Tomcat initialized with port 7000 (http)
2025-11-18 08:27:09 - Initializing ProtocolHandler ["http-nio-7000"]
2025-11-18 08:27:09 - Starting service [Tomcat]
2025-11-18 08:27:09 - Starting Servlet engine: [Apache Tomcat/10.1.48]
2025-11-18 08:27:09 - Initializing Spring embedded WebApplicationContext
2025-11-18 08:27:09 - Root WebApplicationContext: initialization completed in 1248 ms
2025-11-18 08:27:09 - HikariPool-scheduler-app - Starting...
2025-11-18 08:27:09 - entering args (oracle.jdbc.internal.AbstractConnectionBuilder$1@5b8853)
2025-11-18 08:27:09 - traceId=1A1F79CE. 
2025-11-18 08:27:09 - Session Attributes: 
sdu=8192, tdu=2097152
nt: host=oracle, port=1521, socketOptions={0=YES, 1=NO, 17=0, 18=false, 2=30000, 20=true, 38=TLS, 23=40, 24=50, 40=false, 25=0}
    socket=null
client profile={oracle.net.encryption_types_client=(), oracle.net.crypto_seed=, oracle.net.authentication_services=(), oracle.net.setFIPSMode=false, oracle.net.kerberos5_mutual_authentication=false, oracle.net.encryption_client=ACCEPTED, oracle.net.crypto_checksum_client=ACCEPTED, oracle.net.crypto_checksum_types_client=()}
onBreakReset=false, dataEOF=false, negotiatedOptions=0x0, connected=false
TTIINIT enabled=false, TTC cookie enabled=false

2025-11-18 08:27:09 - traceId=1A1F79CE, anoEnabled=true. 
2025-11-18 08:27:09 - Got Refused, SessionTraceId = 1A1F79CE
2025-11-18 08:27:09 - Outbound interrupt timer cancelled null
2025-11-18 08:27:09 - throwing
java.sql.SQLRecoverableException: ORA-12514: Cannot connect to database. Service FREEPDB1 is not registered with the listener at host oracle port 1521. (CONNECTION_ID=xaYdeHcQRV+aHyNfqXz6EA==)
https://docs.oracle.com/error-help/db/ora-12514/
	at oracle.jdbc.driver.T4CConnection.handleLogonNetException(T4CConnection.java:1853)
	at oracle.jdbc.driver.T4CConnection.logon(T4CConnection.java:1204)
	at oracle.jdbc.driver.PhysicalConnection.connect(PhysicalConnection.java:1189)
	at oracle.jdbc.driver.T4CDriverExtension.getConnection(T4CDriverExtension.java:106)
	at oracle.jdbc.driver.OracleDriver.connect(OracleDriver.java:887)
	at oracle.jdbc.driver.OracleDriver.connect(OracleDriver.java:694)
	at com.zaxxer.hikari.util.DriverDataSource.getConnection(DriverDataSource.java:144)
	at com.zaxxer.hikari.pool.PoolBase.newConnection(PoolBase.java:370)
	at com.zaxxer.hikari.pool.PoolBase.newPoolEntry(PoolBase.java:207)
	at com.zaxxer.hikari.pool.HikariPool.createPoolEntry(HikariPool.java:488)
	at com.zaxxer.hikari.pool.HikariPool.checkFailFast(HikariPool.java:576)
	at com.zaxxer.hikari.pool.HikariPool.<init>(HikariPool.java:97)
	at com.zaxxer.hikari.HikariDataSource.<init>(HikariDataSource.java:80)
	at com.example.tpcmscheduler.util.DataSourceUtil.createHikariDataSource(DataSourceUtil.java:28)
	at com.example.tpcmscheduler.config.AppDataSourceConfig.appDataSource(AppDataSourceConfig.java:42)
	at com.example.tpcmscheduler.config.AppDataSourceConfig$$SpringCGLIB$$0.CGLIB$appDataSource$1(<generated>)
	at com.example.tpcmscheduler.config.AppDataSourceConfig$$SpringCGLIB$$FastClass$$1.invoke(<generated>)
	at org.springframework.cglib.proxy.MethodProxy.invokeSuper(MethodProxy.java:258)
	at org.springframework.context.annotation.ConfigurationClassEnhancer$BeanMethodInterceptor.intercept(ConfigurationClassEnhancer.java:400)
	at com.example.tpcmscheduler.config.AppDataSourceConfig$$SpringCGLIB$$0.appDataSource(<generated>)
	at java.base/jdk.internal.reflect.DirectMethodHandleAccessor.invoke(DirectMethodHandleAccessor.java:104)
	at java.base/java.lang.reflect.Method.invoke(Method.java:565)
	at org.springframework.beans.factory.support.SimpleInstantiationStrategy.lambda$instantiate$0(SimpleInstantiationStrategy.java:172)
	at org.springframework.beans.factory.support.SimpleInstantiationStrategy.instantiateWithFactoryMethod(SimpleInstantiationStrategy.java:89)
	at org.springframework.beans.factory.support.SimpleInstantiationStrategy.instantiate(SimpleInstantiationStrategy.java:169)
	at org.springframework.beans.factory.support.ConstructorResolver.instantiate(ConstructorResolver.java:653)
	at org.springframework.beans.factory.support.ConstructorResolver.instantiateUsingFactoryMethod(ConstructorResolver.java:489)
	at org.springframework.beans.factory.support.AbstractAutowireCapableBeanFactory.instantiateUsingFactoryMethod(AbstractAutowireCapableBeanFactory.java:1375)
	at org.springframework.beans.factory.support.AbstractAutowireCapableBeanFactory.createBeanInstance(AbstractAutowireCapableBeanFactory.java:1205)
	at org.springframework.beans.factory.support.AbstractAutowireCapableBeanFactory.doCreateBean(AbstractAutowireCapableBeanFactory.java:569)
	at org.springframework.beans.factory.support.AbstractAutowireCapableBeanFactory.createBean(AbstractAutowireCapableBeanFactory.java:529)
	at org.springframework.beans.factory.support.AbstractBeanFactory.lambda$doGetBean$0(AbstractBeanFactory.java:339)
	at org.springframework.beans.factory.support.DefaultSingletonBeanRegistry.getSingleton(DefaultSingletonBeanRegistry.java:373)
	at org.springframework.beans.factory.support.AbstractBeanFactory.doGetBean(AbstractBeanFactory.java:337)
	at org.springframework.beans.factory.support.AbstractBeanFactory.getBean(AbstractBeanFactory.java:202)
	at org.springframework.beans.factory.config.DependencyDescriptor.resolveCandidate(DependencyDescriptor.java:254)
	at org.springframework.beans.factory.support.DefaultListableBeanFactory.doResolveDependency(DefaultListableBeanFactory.java:1770)
	at org.springframework.beans.factory.support.DefaultListableBeanFactory.resolveDependency(DefaultListableBeanFactory.java:1653)
	at org.springframework.beans.factory.support.ConstructorResolver.resolveAutowiredArgument(ConstructorResolver.java:913)
	at org.springframework.beans.factory.support.ConstructorResolver.createArgumentArray(ConstructorResolver.java:791)
	at org.springframework.beans.factory.support.ConstructorResolver.instantiateUsingFactoryMethod(ConstructorResolver.java:546)
	at org.springframework.beans.factory.support.AbstractAutowireCapableBeanFactory.instantiateUsingFactoryMethod(AbstractAutowireCapableBeanFactory.java:1375)
	at org.springframework.beans.factory.support.AbstractAutowireCapableBeanFactory.createBeanInstance(AbstractAutowireCapableBeanFactory.java:1205)
	at org.springframework.beans.factory.support.AbstractAutowireCapableBeanFactory.doCreateBean(AbstractAutowireCapableBeanFactory.java:569)
	at org.springframework.beans.factory.support.AbstractAutowireCapableBeanFactory.createBean(AbstractAutowireCapableBeanFactory.java:529)
	at org.springframework.beans.factory.support.AbstractBeanFactory.lambda$doGetBean$0(AbstractBeanFactory.java:339)
	at org.springframework.beans.factory.support.DefaultSingletonBeanRegistry.getSingleton(DefaultSingletonBeanRegistry.java:373)
	at org.springframework.beans.factory.support.AbstractBeanFactory.doGetBean(AbstractBeanFactory.java:337)
	at org.springframework.beans.factory.support.AbstractBeanFactory.getBean(AbstractBeanFactory.java:202)
	at org.springframework.beans.factory.support.AbstractBeanFactory.doGetBean(AbstractBeanFactory.java:315)
	at org.springframework.beans.factory.support.AbstractBeanFactory.getBean(AbstractBeanFactory.java:202)
	at org.springframework.beans.factory.support.DefaultListableBeanFactory.doResolveDependency(DefaultListableBeanFactory.java:1708)
	at org.springframework.beans.factory.support.DefaultListableBeanFactory.resolveDependency(DefaultListableBeanFactory.java:1653)
	at org.springframework.beans.factory.support.ConstructorResolver.resolveAutowiredArgument(ConstructorResolver.java:913)
	at org.springframework.beans.factory.support.ConstructorResolver.createArgumentArray(ConstructorResolver.java:791)
	at org.springframework.beans.factory.support.ConstructorResolver.autowireConstructor(ConstructorResolver.java:240)
	at org.springframework.beans.factory.support.AbstractAutowireCapableBeanFactory.autowireConstructor(AbstractAutowireCapableBeanFactory.java:1395)
	at org.springframework.beans.factory.support.AbstractAutowireCapableBeanFactory.createBeanInstance(AbstractAutowireCapableBeanFactory.java:1232)
	at org.springframework.beans.factory.support.AbstractAutowireCapableBeanFactory.doCreateBean(AbstractAutowireCapableBeanFactory.java:569)
	at org.springframework.beans.factory.support.AbstractAutowireCapableBeanFactory.createBean(AbstractAutowireCapableBeanFactory.java:529)
	at org.springframework.beans.factory.support.AbstractBeanFactory.lambda$doGetBean$0(AbstractBeanFactory.java:339)
	at org.springframework.beans.factory.support.DefaultSingletonBeanRegistry.getSingleton(DefaultSingletonBeanRegistry.java:373)
	at org.springframework.beans.factory.support.AbstractBeanFactory.doGetBean(AbstractBeanFactory.java:337)
	at org.springframework.beans.factory.support.AbstractBeanFactory.getBean(AbstractBeanFactory.java:202)
	at org.springframework.beans.factory.support.DefaultListableBeanFactory.instantiateSingleton(DefaultListableBeanFactory.java:1228)
	at org.springframework.beans.factory.support.DefaultListableBeanFactory.preInstantiateSingleton(DefaultListableBeanFactory.java:1194)
	at org.springframework.beans.factory.support.DefaultListableBeanFactory.preInstantiateSingletons(DefaultListableBeanFactory.java:1130)
	at org.springframework.context.support.AbstractApplicationContext.finishBeanFactoryInitialization(AbstractApplicationContext.java:990)
	at org.springframework.context.support.AbstractApplicationContext.refresh(AbstractApplicationContext.java:627)
	at org.springframework.boot.web.servlet.context.ServletWebServerApplicationContext.refresh(ServletWebServerApplicationContext.java:146)
	at org.springframework.boot.SpringApplication.refresh(SpringApplication.java:752)
	at org.springframework.boot.SpringApplication.refreshContext(SpringApplication.java:439)
	at org.springframework.boot.SpringApplication.run(SpringApplication.java:318)
	at org.springframework.boot.SpringApplication.run(SpringApplication.java:1361)
	at org.springframework.boot.SpringApplication.run(SpringApplication.java:1350)
	at com.example.tpcmscheduler.TpcmSchedulerApplication.main(TpcmSchedulerApplication.java:12)
	at java.base/jdk.internal.reflect.DirectMethodHandleAccessor.invoke(DirectMethodHandleAccessor.java:104)
	at java.base/java.lang.reflect.Method.invoke(Method.java:565)
	at org.springframework.boot.loader.launch.Launcher.launch(Launcher.java:106)
	at org.springframework.boot.loader.launch.Launcher.launch(Launcher.java:64)
	at org.springframework.boot.loader.launch.JarLauncher.main(JarLauncher.java:40)
Caused by: oracle.net.ns.NetException: ORA-12514: Cannot connect to database. Service FREEPDB1 is not registered with the listener at host oracle port 1521. (CONNECTION_ID=xaYdeHcQRV+aHyNfqXz6EA==)
https://docs.oracle.com/error-help/db/ora-12514/
	at oracle.net.ns.NSProtocolNIO.createRefusePacketException(NSProtocolNIO.java:916)
	at oracle.net.ns.NSProtocolNIO.handleConnectPacketResponse(NSProtocolNIO.java:462)
	at oracle.net.ns.NSProtocolNIO.negotiateConnection(NSProtocolNIO.java:270)
	at oracle.net.ns.NSProtocol.connect(NSProtocol.java:353)
	at oracle.jdbc.driver.T4CConnection.connectNetworkSessionProtocol(T4CConnection.java:3684)
	at oracle.jdbc.driver.T4CConnection.logon(T4CConnection.java:1083)
	... 79 common frames omitted
2025-11-18 08:27:09 - properties={LOCALE=en_US, DriverVersion=23.7.0.25.01, java.library.path: =/usr/java/packages/lib:/usr/lib64:/lib64:/lib:/usr/lib, java.class.path: =app.jar, java.version: =25.0.1}. 
2025-11-18 08:27:10 - Exception encountered during context initialization - cancelling refresh attempt: org.springframework.beans.factory.UnsatisfiedDependencyException: Error creating bean with name 'databaseScheduler' defined in URL [jar:nested:/app/app.jar/!BOOT-INF/classes/!/com/example/tpcmscheduler/service/DatabaseScheduler.class]: Unsatisfied dependency expressed through constructor parameter 0: Error creating bean with name 'dataSourceScriptDatabaseInitializer' defined in class path resource [org/springframework/boot/autoconfigure/sql/init/DataSourceInitializationConfiguration.class]: Unsatisfied dependency expressed through method 'dataSourceScriptDatabaseInitializer' parameter 0: Error creating bean with name 'appDs' defined in class path resource [com/example/tpcmscheduler/config/AppDataSourceConfig.class]: Failed to instantiate [javax.sql.DataSource]: Factory method 'appDataSource' threw exception with message: Failed to initialize pool: ORA-12514: Cannot connect to database. Service FREEPDB1 is not registered with the listener at host oracle port 1521. (CONNECTION_ID=xaYdeHcQRV+aHyNfqXz6EA==)
https://docs.oracle.com/error-help/db/ora-12514/
2025-11-18 08:27:10 - Stopping service [Tomcat]
2025-11-18 08:27:10 - 

Error starting ApplicationContext. To display the condition evaluation report re-run your application with 'debug' enabled.
2025-11-18 08:27:11 - Application run failed
org.springframework.beans.factory.UnsatisfiedDependencyException: Error creating bean with name 'databaseScheduler' defined in URL [jar:nested:/app/app.jar/!BOOT-INF/classes/!/com/example/tpcmscheduler/service/DatabaseScheduler.class]: Unsatisfied dependency expressed through constructor parameter 0: Error creating bean with name 'dataSourceScriptDatabaseInitializer' defined in class path resource [org/springframework/boot/autoconfigure/sql/init/DataSourceInitializationConfiguration.class]: Unsatisfied dependency expressed through method 'dataSourceScriptDatabaseInitializer' parameter 0: Error creating bean with name 'appDs' defined in class path resource [com/example/tpcmscheduler/config/AppDataSourceConfig.class]: Failed to instantiate [javax.sql.DataSource]: Factory method 'appDataSource' threw exception with message: Failed to initialize pool: ORA-12514: Cannot connect to database. Service FREEPDB1 is not registered with the listener at host oracle port 1521. (CONNECTION_ID=xaYdeHcQRV+aHyNfqXz6EA==)
https://docs.oracle.com/error-help/db/ora-12514/
	at org.springframework.beans.factory.support.ConstructorResolver.createArgumentArray(ConstructorResolver.java:804)
	at org.springframework.beans.factory.support.ConstructorResolver.autowireConstructor(ConstructorResolver.java:240)
	at org.springframework.beans.factory.support.AbstractAutowireCapableBeanFactory.autowireConstructor(AbstractAutowireCapableBeanFactory.java:1395)
	at org.springframework.beans.factory.support.AbstractAutowireCapableBeanFactory.createBeanInstance(AbstractAutowireCapableBeanFactory.java:1232)
	at org.springframework.beans.factory.support.AbstractAutowireCapableBeanFactory.doCreateBean(AbstractAutowireCapableBeanFactory.java:569)
	at org.springframework.beans.factory.support.AbstractAutowireCapableBeanFactory.createBean(AbstractAutowireCapableBeanFactory.java:529)
	at org.springframework.beans.factory.support.AbstractBeanFactory.lambda$doGetBean$0(AbstractBeanFactory.java:339)
	at org.springframework.beans.factory.support.DefaultSingletonBeanRegistry.getSingleton(DefaultSingletonBeanRegistry.java:373)
	at org.springframework.beans.factory.support.AbstractBeanFactory.doGetBean(AbstractBeanFactory.java:337)
	at org.springframework.beans.factory.support.AbstractBeanFactory.getBean(AbstractBeanFactory.java:202)
	at org.springframework.beans.factory.support.DefaultListableBeanFactory.instantiateSingleton(DefaultListableBeanFactory.java:1228)
	at org.springframework.beans.factory.support.DefaultListableBeanFactory.preInstantiateSingleton(DefaultListableBeanFactory.java:1194)
	at org.springframework.beans.factory.support.DefaultListableBeanFactory.preInstantiateSingletons(DefaultListableBeanFactory.java:1130)
	at org.springframework.context.support.AbstractApplicationContext.finishBeanFactoryInitialization(AbstractApplicationContext.java:990)
	at org.springframework.context.support.AbstractApplicationContext.refresh(AbstractApplicationContext.java:627)
	at org.springframework.boot.web.servlet.context.ServletWebServerApplicationContext.refresh(ServletWebServerApplicationContext.java:146)
	at org.springframework.boot.SpringApplication.refresh(SpringApplication.java:752)
	at org.springframework.boot.SpringApplication.refreshContext(SpringApplication.java:439)
	at org.springframework.boot.SpringApplication.run(SpringApplication.java:318)
	at org.springframework.boot.SpringApplication.run(SpringApplication.java:1361)
	at org.springframework.boot.SpringApplication.run(SpringApplication.java:1350)
	at com.example.tpcmscheduler.TpcmSchedulerApplication.main(TpcmSchedulerApplication.java:12)
	at java.base/jdk.internal.reflect.DirectMethodHandleAccessor.invoke(DirectMethodHandleAccessor.java:104)
	at java.base/java.lang.reflect.Method.invoke(Method.java:565)
	at org.springframework.boot.loader.launch.Launcher.launch(Launcher.java:106)
	at org.springframework.boot.loader.launch.Launcher.launch(Launcher.java:64)
	at org.springframework.boot.loader.launch.JarLauncher.main(JarLauncher.java:40)
Caused by: org.springframework.beans.factory.UnsatisfiedDependencyException: Error creating bean with name 'dataSourceScriptDatabaseInitializer' defined in class path resource [org/springframework/boot/autoconfigure/sql/init/DataSourceInitializationConfiguration.class]: Unsatisfied dependency expressed through method 'dataSourceScriptDatabaseInitializer' parameter 0: Error creating bean with name 'appDs' defined in class path resource [com/example/tpcmscheduler/config/AppDataSourceConfig.class]: Failed to instantiate [javax.sql.DataSource]: Factory method 'appDataSource' threw exception with message: Failed to initialize pool: ORA-12514: Cannot connect to database. Service FREEPDB1 is not registered with the listener at host oracle port 1521. (CONNECTION_ID=xaYdeHcQRV+aHyNfqXz6EA==)
https://docs.oracle.com/error-help/db/ora-12514/
	at org.springframework.beans.factory.support.ConstructorResolver.createArgumentArray(ConstructorResolver.java:804)
	at org.springframework.beans.factory.support.ConstructorResolver.instantiateUsingFactoryMethod(ConstructorResolver.java:546)
	at org.springframework.beans.factory.support.AbstractAutowireCapableBeanFactory.instantiateUsingFactoryMethod(AbstractAutowireCapableBeanFactory.java:1375)
	at org.springframework.beans.factory.support.AbstractAutowireCapableBeanFactory.createBeanInstance(AbstractAutowireCapableBeanFactory.java:1205)
	at org.springframework.beans.factory.support.AbstractAutowireCapableBeanFactory.doCreateBean(AbstractAutowireCapableBeanFactory.java:569)
	at org.springframework.beans.factory.support.AbstractAutowireCapableBeanFactory.createBean(AbstractAutowireCapableBeanFactory.java:529)
	at org.springframework.beans.factory.support.AbstractBeanFactory.lambda$doGetBean$0(AbstractBeanFactory.java:339)
	at org.springframework.beans.factory.support.DefaultSingletonBeanRegistry.getSingleton(DefaultSingletonBeanRegistry.java:373)
	at org.springframework.beans.factory.support.AbstractBeanFactory.doGetBean(AbstractBeanFactory.java:337)
	at org.springframework.beans.factory.support.AbstractBeanFactory.getBean(AbstractBeanFactory.java:202)
	at org.springframework.beans.factory.support.AbstractBeanFactory.doGetBean(AbstractBeanFactory.java:315)
	at org.springframework.beans.factory.support.AbstractBeanFactory.getBean(AbstractBeanFactory.java:202)
	at org.springframework.beans.factory.support.DefaultListableBeanFactory.doResolveDependency(DefaultListableBeanFactory.java:1708)
	at org.springframework.beans.factory.support.DefaultListableBeanFactory.resolveDependency(DefaultListableBeanFactory.java:1653)
	at org.springframework.beans.factory.support.ConstructorResolver.resolveAutowiredArgument(ConstructorResolver.java:913)
	at org.springframework.beans.factory.support.ConstructorResolver.createArgumentArray(ConstructorResolver.java:791)
	... 26 common frames omitted
Caused by: org.springframework.beans.factory.BeanCreationException: Error creating bean with name 'appDs' defined in class path resource [com/example/tpcmscheduler/config/AppDataSourceConfig.class]: Failed to instantiate [javax.sql.DataSource]: Factory method 'appDataSource' threw exception with message: Failed to initialize pool: ORA-12514: Cannot connect to database. Service FREEPDB1 is not registered with the listener at host oracle port 1521. (CONNECTION_ID=xaYdeHcQRV+aHyNfqXz6EA==)
https://docs.oracle.com/error-help/db/ora-12514/
	at org.springframework.beans.factory.support.ConstructorResolver.instantiate(ConstructorResolver.java:657)
	at org.springframework.beans.factory.support.ConstructorResolver.instantiateUsingFactoryMethod(ConstructorResolver.java:489)
	at org.springframework.beans.factory.support.AbstractAutowireCapableBeanFactory.instantiateUsingFactoryMethod(AbstractAutowireCapableBeanFactory.java:1375)
	at org.springframework.beans.factory.support.AbstractAutowireCapableBeanFactory.createBeanInstance(AbstractAutowireCapableBeanFactory.java:1205)
	at org.springframework.beans.factory.support.AbstractAutowireCapableBeanFactory.doCreateBean(AbstractAutowireCapableBeanFactory.java:569)
	at org.springframework.beans.factory.support.AbstractAutowireCapableBeanFactory.createBean(AbstractAutowireCapableBeanFactory.java:529)
	at org.springframework.beans.factory.support.AbstractBeanFactory.lambda$doGetBean$0(AbstractBeanFactory.java:339)
	at org.springframework.beans.factory.support.DefaultSingletonBeanRegistry.getSingleton(DefaultSingletonBeanRegistry.java:373)
	at org.springframework.beans.factory.support.AbstractBeanFactory.doGetBean(AbstractBeanFactory.java:337)
	at org.springframework.beans.factory.support.AbstractBeanFactory.getBean(AbstractBeanFactory.java:202)
	at org.springframework.beans.factory.config.DependencyDescriptor.resolveCandidate(DependencyDescriptor.java:254)
	at org.springframework.beans.factory.support.DefaultListableBeanFactory.doResolveDependency(DefaultListableBeanFactory.java:1770)
	at org.springframework.beans.factory.support.DefaultListableBeanFactory.resolveDependency(DefaultListableBeanFactory.java:1653)
	at org.springframework.beans.factory.support.ConstructorResolver.resolveAutowiredArgument(ConstructorResolver.java:913)
	at org.springframework.beans.factory.support.ConstructorResolver.createArgumentArray(ConstructorResolver.java:791)
	... 41 common frames omitted
Caused by: org.springframework.beans.BeanInstantiationException: Failed to instantiate [javax.sql.DataSource]: Factory method 'appDataSource' threw exception with message: Failed to initialize pool: ORA-12514: Cannot connect to database. Service FREEPDB1 is not registered with the listener at host oracle port 1521. (CONNECTION_ID=xaYdeHcQRV+aHyNfqXz6EA==)
https://docs.oracle.com/error-help/db/ora-12514/
	at org.springframework.beans.factory.support.SimpleInstantiationStrategy.lambda$instantiate$0(SimpleInstantiationStrategy.java:200)
	at org.springframework.beans.factory.support.SimpleInstantiationStrategy.instantiateWithFactoryMethod(SimpleInstantiationStrategy.java:89)
	at org.springframework.beans.factory.support.SimpleInstantiationStrategy.instantiate(SimpleInstantiationStrategy.java:169)
	at org.springframework.beans.factory.support.ConstructorResolver.instantiate(ConstructorResolver.java:653)
	... 55 common frames omitted
Caused by: com.zaxxer.hikari.pool.HikariPool$PoolInitializationException: Failed to initialize pool: ORA-12514: Cannot connect to database. Service FREEPDB1 is not registered with the listener at host oracle port 1521. (CONNECTION_ID=xaYdeHcQRV+aHyNfqXz6EA==)
https://docs.oracle.com/error-help/db/ora-12514/
	at com.zaxxer.hikari.pool.HikariPool.throwPoolInitializationException(HikariPool.java:610)
	at com.zaxxer.hikari.pool.HikariPool.checkFailFast(HikariPool.java:597)
	at com.zaxxer.hikari.pool.HikariPool.<init>(HikariPool.java:97)
	at com.zaxxer.hikari.HikariDataSource.<init>(HikariDataSource.java:80)
	at com.example.tpcmscheduler.util.DataSourceUtil.createHikariDataSource(DataSourceUtil.java:28)
	at com.example.tpcmscheduler.config.AppDataSourceConfig.appDataSource(AppDataSourceConfig.java:42)
	at com.example.tpcmscheduler.config.AppDataSourceConfig$$SpringCGLIB$$0.CGLIB$appDataSource$1(<generated>)
	at com.example.tpcmscheduler.config.AppDataSourceConfig$$SpringCGLIB$$FastClass$$1.invoke(<generated>)
	at org.springframework.cglib.proxy.MethodProxy.invokeSuper(MethodProxy.java:258)
	at org.springframework.context.annotation.ConfigurationClassEnhancer$BeanMethodInterceptor.intercept(ConfigurationClassEnhancer.java:400)
	at com.example.tpcmscheduler.config.AppDataSourceConfig$$SpringCGLIB$$0.appDataSource(<generated>)
	at java.base/jdk.internal.reflect.DirectMethodHandleAccessor.invoke(DirectMethodHandleAccessor.java:104)
	at java.base/java.lang.reflect.Method.invoke(Method.java:565)
	at org.springframework.beans.factory.support.SimpleInstantiationStrategy.lambda$instantiate$0(SimpleInstantiationStrategy.java:172)
	... 58 common frames omitted
Caused by: java.sql.SQLRecoverableException: ORA-12514: Cannot connect to database. Service FREEPDB1 is not registered with the listener at host oracle port 1521. (CONNECTION_ID=xaYdeHcQRV+aHyNfqXz6EA==)
https://docs.oracle.com/error-help/db/ora-12514/
	at oracle.jdbc.driver.T4CConnection.handleLogonNetException(T4CConnection.java:1853)
	at oracle.jdbc.driver.T4CConnection.logon(T4CConnection.java:1204)
	at oracle.jdbc.driver.PhysicalConnection.connect(PhysicalConnection.java:1189)
	at oracle.jdbc.driver.T4CDriverExtension.getConnection(T4CDriverExtension.java:106)
	at oracle.jdbc.driver.OracleDriver.connect(OracleDriver.java:887)
	at oracle.jdbc.driver.OracleDriver.connect(OracleDriver.java:694)
	at com.zaxxer.hikari.util.DriverDataSource.getConnection(DriverDataSource.java:144)
	at com.zaxxer.hikari.pool.PoolBase.newConnection(PoolBase.java:370)
	at com.zaxxer.hikari.pool.PoolBase.newPoolEntry(PoolBase.java:207)
	at com.zaxxer.hikari.pool.HikariPool.createPoolEntry(HikariPool.java:488)
	at com.zaxxer.hikari.pool.HikariPool.checkFailFast(HikariPool.java:576)
	... 70 common frames omitted
Caused by: oracle.net.ns.NetException: ORA-12514: Cannot connect to database. Service FREEPDB1 is not registered with the listener at host oracle port 1521. (CONNECTION_ID=xaYdeHcQRV+aHyNfqXz6EA==)
https://docs.oracle.com/error-help/db/ora-12514/
	at oracle.net.ns.NSProtocolNIO.createRefusePacketException(NSProtocolNIO.java:916)
	at oracle.net.ns.NSProtocolNIO.handleConnectPacketResponse(NSProtocolNIO.java:462)
	at oracle.net.ns.NSProtocolNIO.negotiateConnection(NSProtocolNIO.java:270)
	at oracle.net.ns.NSProtocol.connect(NSProtocol.java:353)
	at oracle.jdbc.driver.T4CConnection.connectNetworkSessionProtocol(T4CConnection.java:3684)
	at oracle.jdbc.driver.T4CConnection.logon(T4CConnection.java:1083)
	... 79 common frames omitted
2025-11-18 08:27:14 - Starting TpcmSchedulerApplication v1.0 using Java 25.0.1 with PID 1 (/app/app.jar started by root in /app)
2025-11-18 08:27:14 - The following 1 profile is active: "docker"
2025-11-18 08:27:17 - Tomcat initialized with port 7000 (http)
2025-11-18 08:27:17 - Initializing ProtocolHandler ["http-nio-7000"]
2025-11-18 08:27:17 - Starting service [Tomcat]
2025-11-18 08:27:17 - Starting Servlet engine: [Apache Tomcat/10.1.48]
2025-11-18 08:27:17 - Initializing Spring embedded WebApplicationContext
2025-11-18 08:27:17 - Root WebApplicationContext: initialization completed in 3469 ms
2025-11-18 08:27:19 - HikariPool-scheduler-app - Starting...
2025-11-18 08:27:21 - HikariPool-scheduler-app - Added connection oracle.jdbc.driver.T4CConnection@67acfde9
2025-11-18 08:27:21 - HikariPool-scheduler-app - Start completed.
2025-11-18 08:27:21 - HikariPool-scheduler-clients - Starting...
2025-11-18 08:27:21 - HikariPool-scheduler-clients - Added connection oracle.jdbc.driver.T4CConnection@36463b09
2025-11-18 08:27:21 - HikariPool-scheduler-clients - Start completed.
2025-11-18 08:27:24 - Exposing 13 endpoints beneath base path '/actuator'
2025-11-18 08:27:24 - Starting ProtocolHandler ["http-nio-7000"]
2025-11-18 08:27:25 - Tomcat started on port 7000 (http) with context path '/'
2025-11-18 08:27:25 - Started TpcmSchedulerApplication in 12.609 seconds (process running for 13.336)
2025-11-18 08:34:02 - Commencing graceful shutdown. Waiting for active requests to complete
2025-11-18 08:34:02 - Graceful shutdown complete
2025-11-18 08:34:02 - HikariPool-scheduler-clients - Shutdown initiated...
2025-11-18 08:34:02 - HikariPool-scheduler-clients - Shutdown completed.
2025-11-18 08:34:02 - HikariPool-scheduler-app - Shutdown initiated...
2025-11-18 08:34:02 - HikariPool-scheduler-app - Shutdown completed.
2025-11-18 08:34:04 - Starting TpcmSchedulerApplication v1.0 using Java 25.0.1 with PID 1 (/app/app.jar started by root in /app)
2025-11-18 08:34:04 - The following 1 profile is active: "docker"
2025-11-18 08:34:05 - Tomcat initialized with port 7000 (http)
2025-11-18 08:34:05 - Initializing ProtocolHandler ["http-nio-7000"]
2025-11-18 08:34:05 - Starting service [Tomcat]
2025-11-18 08:34:05 - Starting Servlet engine: [Apache Tomcat/10.1.48]
2025-11-18 08:34:05 - Initializing Spring embedded WebApplicationContext
2025-11-18 08:34:05 - Root WebApplicationContext: initialization completed in 1158 ms
2025-11-18 08:34:05 - HikariPool-scheduler-app - Starting...
2025-11-18 08:34:06 - HikariPool-scheduler-app - Added connection oracle.jdbc.driver.T4CConnection@67acfde9
2025-11-18 08:34:06 - HikariPool-scheduler-app - Start completed.
2025-11-18 08:34:06 - HikariPool-scheduler-clients - Starting...
2025-11-18 08:34:06 - HikariPool-scheduler-clients - Added connection oracle.jdbc.driver.T4CConnection@36463b09
2025-11-18 08:34:06 - HikariPool-scheduler-clients - Start completed.
2025-11-18 08:34:06 - Exposing 13 endpoints beneath base path '/actuator'
2025-11-18 08:34:07 - Starting ProtocolHandler ["http-nio-7000"]
2025-11-18 08:34:07 - Tomcat started on port 7000 (http) with context path '/'
2025-11-18 08:34:07 - Started TpcmSchedulerApplication in 3.265 seconds (process running for 3.843)
2025-11-18 08:34:18 - Commencing graceful shutdown. Waiting for active requests to complete
2025-11-18 08:34:18 - Graceful shutdown complete
2025-11-18 08:34:18 - HikariPool-scheduler-clients - Shutdown initiated...
2025-11-18 08:34:18 - HikariPool-scheduler-clients - Shutdown completed.
2025-11-18 08:34:18 - HikariPool-scheduler-app - Shutdown initiated...
2025-11-18 08:34:18 - HikariPool-scheduler-app - Shutdown completed.
2025-11-18 08:34:20 - Starting TpcmSchedulerApplication v1.0 using Java 25.0.1 with PID 1 (/app/app.jar started by root in /app)
2025-11-18 08:34:20 - The following 1 profile is active: "docker"
2025-11-18 08:34:21 - Tomcat initialized with port 7000 (http)
2025-11-18 08:34:21 - Initializing ProtocolHandler ["http-nio-7000"]
2025-11-18 08:34:21 - Starting service [Tomcat]
2025-11-18 08:34:21 - Starting Servlet engine: [Apache Tomcat/10.1.48]
2025-11-18 08:34:21 - Initializing Spring embedded WebApplicationContext
2025-11-18 08:34:21 - Root WebApplicationContext: initialization completed in 1059 ms
2025-11-18 08:34:22 - HikariPool-scheduler-app - Starting...
2025-11-18 08:34:22 - HikariPool-scheduler-app - Added connection oracle.jdbc.driver.T4CConnection@67acfde9
2025-11-18 08:34:22 - HikariPool-scheduler-app - Start completed.
2025-11-18 08:34:22 - HikariPool-scheduler-clients - Starting...
2025-11-18 08:34:22 - HikariPool-scheduler-clients - Added connection oracle.jdbc.driver.T4CConnection@36463b09
2025-11-18 08:34:22 - HikariPool-scheduler-clients - Start completed.
2025-11-18 08:34:23 - Exposing 13 endpoints beneath base path '/actuator'
2025-11-18 08:34:23 - Starting ProtocolHandler ["http-nio-7000"]
2025-11-18 08:34:23 - Tomcat started on port 7000 (http) with context path '/'
2025-11-18 08:34:23 - Started TpcmSchedulerApplication in 3.082 seconds (process running for 3.685)
2025-11-18 08:36:11 - Commencing graceful shutdown. Waiting for active requests to complete
2025-11-18 08:36:11 - Graceful shutdown complete
2025-11-18 08:36:11 - HikariPool-scheduler-clients - Shutdown initiated...
2025-11-18 08:36:11 - HikariPool-scheduler-clients - Shutdown completed.
2025-11-18 08:36:11 - HikariPool-scheduler-app - Shutdown initiated...
2025-11-18 08:36:11 - HikariPool-scheduler-app - Shutdown completed.
2025-11-18 08:36:15 - Starting TpcmSchedulerApplication v1.0 using Java 25.0.1 with PID 1 (/app/app.jar started by root in /app)
2025-11-18 08:36:15 - The following 1 profile is active: "docker"
2025-11-18 08:36:16 - Tomcat initialized with port 7000 (http)
2025-11-18 08:36:16 - Initializing ProtocolHandler ["http-nio-7000"]
2025-11-18 08:36:16 - Starting service [Tomcat]
2025-11-18 08:36:16 - Starting Servlet engine: [Apache Tomcat/10.1.48]
2025-11-18 08:36:16 - Initializing Spring embedded WebApplicationContext
2025-11-18 08:36:16 - Root WebApplicationContext: initialization completed in 1155 ms
2025-11-18 08:36:16 - HikariPool-scheduler-app - Starting...
2025-11-18 08:36:17 - HikariPool-scheduler-app - Added connection oracle.jdbc.driver.T4CConnection@1118d539
2025-11-18 08:36:17 - HikariPool-scheduler-app - Start completed.
2025-11-18 08:36:17 - HikariPool-scheduler-clients - Starting...
2025-11-18 08:36:17 - HikariPool-scheduler-clients - Added connection oracle.jdbc.driver.T4CConnection@2de3b052
2025-11-18 08:36:17 - HikariPool-scheduler-clients - Start completed.
2025-11-18 08:36:17 - Exposing 13 endpoints beneath base path '/actuator'
2025-11-18 08:36:18 - Starting ProtocolHandler ["http-nio-7000"]
2025-11-18 08:36:18 - Tomcat started on port 7000 (http) with context path '/'
2025-11-18 08:36:18 - Started TpcmSchedulerApplication in 3.548 seconds (process running for 4.256)
2025-11-18 08:39:34 - Commencing graceful shutdown. Waiting for active requests to complete
2025-11-18 08:39:34 - Graceful shutdown complete
2025-11-18 08:39:34 - HikariPool-scheduler-clients - Shutdown initiated...
2025-11-18 08:39:34 - HikariPool-scheduler-clients - Shutdown completed.
2025-11-18 08:39:34 - HikariPool-scheduler-app - Shutdown initiated...
2025-11-18 08:39:34 - HikariPool-scheduler-app - Shutdown completed.
2025-11-18 08:39:36 - Starting TpcmSchedulerApplication v1.0 using Java 25.0.1 with PID 1 (/app/app.jar started by root in /app)
2025-11-18 08:39:36 - The following 1 profile is active: "docker"
2025-11-18 08:39:38 - Tomcat initialized with port 7000 (http)
2025-11-18 08:39:38 - Initializing ProtocolHandler ["http-nio-7000"]
2025-11-18 08:39:38 - Starting service [Tomcat]
2025-11-18 08:39:38 - Starting Servlet engine: [Apache Tomcat/10.1.48]
2025-11-18 08:39:38 - Initializing Spring embedded WebApplicationContext
2025-11-18 08:39:38 - Root WebApplicationContext: initialization completed in 1442 ms
2025-11-18 08:39:38 - HikariPool-scheduler-app - Starting...
2025-11-18 08:39:39 - HikariPool-scheduler-app - Added connection oracle.jdbc.driver.T4CConnection@585513a8
2025-11-18 08:39:39 - HikariPool-scheduler-app - Start completed.
2025-11-18 08:39:39 - HikariPool-scheduler-clients - Starting...
2025-11-18 08:39:39 - HikariPool-scheduler-clients - Added connection oracle.jdbc.driver.T4CConnection@7afe0e67
2025-11-18 08:39:39 - HikariPool-scheduler-clients - Start completed.
2025-11-18 08:39:40 - Exposing 13 endpoints beneath base path '/actuator'
2025-11-18 08:39:40 - Starting ProtocolHandler ["http-nio-7000"]
2025-11-18 08:39:40 - Tomcat started on port 7000 (http) with context path '/'
2025-11-18 08:39:40 - Started TpcmSchedulerApplication in 3.96 seconds (process running for 4.533)
2025-11-18 08:39:48 - Commencing graceful shutdown. Waiting for active requests to complete
2025-11-18 08:39:48 - Graceful shutdown complete
2025-11-18 08:39:48 - HikariPool-scheduler-clients - Shutdown initiated...
2025-11-18 08:39:48 - HikariPool-scheduler-clients - Shutdown completed.
2025-11-18 08:39:48 - HikariPool-scheduler-app - Shutdown initiated...
2025-11-18 08:39:48 - HikariPool-scheduler-app - Shutdown completed.
2025-11-18 08:39:50 - Starting TpcmSchedulerApplication v1.0 using Java 25.0.1 with PID 1 (/app/app.jar started by root in /app)
2025-11-18 08:39:50 - The following 1 profile is active: "docker"
2025-11-18 08:39:52 - Tomcat initialized with port 7000 (http)
2025-11-18 08:39:52 - Initializing ProtocolHandler ["http-nio-7000"]
2025-11-18 08:39:52 - Starting service [Tomcat]
2025-11-18 08:39:52 - Starting Servlet engine: [Apache Tomcat/10.1.48]
2025-11-18 08:39:52 - Initializing Spring embedded WebApplicationContext
2025-11-18 08:39:52 - Root WebApplicationContext: initialization completed in 1273 ms
2025-11-18 08:39:52 - HikariPool-scheduler-app - Starting...
2025-11-18 08:39:52 - HikariPool-scheduler-app - Added connection oracle.jdbc.driver.T4CConnection@634f58d2
2025-11-18 08:39:52 - HikariPool-scheduler-app - Start completed.
2025-11-18 08:39:52 - HikariPool-scheduler-clients - Starting...
2025-11-18 08:39:53 - HikariPool-scheduler-clients - Added connection oracle.jdbc.driver.T4CConnection@2bb717d7
2025-11-18 08:39:53 - HikariPool-scheduler-clients - Start completed.
2025-11-18 08:39:53 - Exposing 13 endpoints beneath base path '/actuator'
2025-11-18 08:39:53 - Starting ProtocolHandler ["http-nio-7000"]
2025-11-18 08:39:53 - Tomcat started on port 7000 (http) with context path '/'
2025-11-18 08:39:53 - Started TpcmSchedulerApplication in 3.545 seconds (process running for 4.201)
2025-11-18 08:43:49 - Commencing graceful shutdown. Waiting for active requests to complete
2025-11-18 08:43:49 - Graceful shutdown complete
2025-11-18 08:43:50 - HikariPool-scheduler-clients - Shutdown initiated...
2025-11-18 08:43:50 - HikariPool-scheduler-clients - Shutdown completed.
2025-11-18 08:43:50 - HikariPool-scheduler-app - Shutdown initiated...
2025-11-18 08:43:50 - HikariPool-scheduler-app - Shutdown completed.
2025-11-18 08:43:51 - Starting TpcmSchedulerApplication v1.0 using Java 25.0.1 with PID 1 (/app/app.jar started by root in /app)
2025-11-18 08:43:51 - The following 1 profile is active: "docker"
2025-11-18 08:43:53 - Tomcat initialized with port 7000 (http)
2025-11-18 08:43:53 - Initializing ProtocolHandler ["http-nio-7000"]
2025-11-18 08:43:53 - Starting service [Tomcat]
2025-11-18 08:43:53 - Starting Servlet engine: [Apache Tomcat/10.1.48]
2025-11-18 08:43:53 - Initializing Spring embedded WebApplicationContext
2025-11-18 08:43:53 - Root WebApplicationContext: initialization completed in 1199 ms
2025-11-18 08:43:53 - HikariPool-scheduler-app - Starting...
2025-11-18 08:43:53 - HikariPool-scheduler-app - Added connection oracle.jdbc.driver.T4CConnection@601d6622
2025-11-18 08:43:53 - HikariPool-scheduler-app - Start completed.
2025-11-18 08:43:54 - HikariPool-scheduler-clients - Starting...
2025-11-18 08:43:54 - HikariPool-scheduler-clients - Added connection oracle.jdbc.driver.T4CConnection@2de3b052
2025-11-18 08:43:54 - HikariPool-scheduler-clients - Start completed.
2025-11-18 08:43:54 - Exposing 13 endpoints beneath base path '/actuator'
2025-11-18 08:43:54 - Starting ProtocolHandler ["http-nio-7000"]
2025-11-18 08:43:54 - Tomcat started on port 7000 (http) with context path '/'
2025-11-18 08:43:54 - Started TpcmSchedulerApplication in 3.311 seconds (process running for 3.938)
2025-11-18 08:44:05 - Commencing graceful shutdown. Waiting for active requests to complete
2025-11-18 08:44:05 - Graceful shutdown complete
2025-11-18 08:44:05 - HikariPool-scheduler-clients - Shutdown initiated...
2025-11-18 08:44:05 - HikariPool-scheduler-clients - Shutdown completed.
2025-11-18 08:44:05 - HikariPool-scheduler-app - Shutdown initiated...
2025-11-18 08:44:05 - HikariPool-scheduler-app - Shutdown completed.
2025-11-18 08:44:06 - Starting TpcmSchedulerApplication v1.0 using Java 25.0.1 with PID 1 (/app/app.jar started by root in /app)
2025-11-18 08:44:06 - The following 1 profile is active: "docker"
2025-11-18 08:44:08 - Tomcat initialized with port 7000 (http)
2025-11-18 08:44:08 - Initializing ProtocolHandler ["http-nio-7000"]
2025-11-18 08:44:08 - Starting service [Tomcat]
2025-11-18 08:44:08 - Starting Servlet engine: [Apache Tomcat/10.1.48]
2025-11-18 08:44:08 - Initializing Spring embedded WebApplicationContext
2025-11-18 08:44:08 - Root WebApplicationContext: initialization completed in 1135 ms
2025-11-18 08:44:08 - HikariPool-scheduler-app - Starting...
2025-11-18 08:44:08 - HikariPool-scheduler-app - Added connection oracle.jdbc.driver.T4CConnection@2478b629
2025-11-18 08:44:08 - HikariPool-scheduler-app - Start completed.
2025-11-18 08:44:08 - HikariPool-scheduler-clients - Starting...
2025-11-18 08:44:08 - HikariPool-scheduler-clients - Added connection oracle.jdbc.driver.T4CConnection@74b1838
2025-11-18 08:44:08 - HikariPool-scheduler-clients - Start completed.
2025-11-18 08:44:09 - Exposing 13 endpoints beneath base path '/actuator'
2025-11-18 08:44:09 - Starting ProtocolHandler ["http-nio-7000"]
2025-11-18 08:44:09 - Tomcat started on port 7000 (http) with context path '/'
2025-11-18 08:44:09 - Started TpcmSchedulerApplication in 3.189 seconds (process running for 3.788)
2025-11-18 09:01:42 - Commencing graceful shutdown. Waiting for active requests to complete
2025-11-18 09:01:42 - Graceful shutdown complete
2025-11-18 09:01:42 - HikariPool-scheduler-clients - Shutdown initiated...
2025-11-18 09:01:43 - HikariPool-scheduler-clients - Shutdown completed.
2025-11-18 09:01:43 - HikariPool-scheduler-app - Shutdown initiated...
2025-11-18 09:01:43 - HikariPool-scheduler-app - Shutdown completed.
